"no","url","id","Locality_Name","Postal_code","Type_of_property","Subtype_of_property","Price","Type_of_sale","Number_of_rooms","Living_Area","Equipped_kitchen","Furnished","Open_fire","Terrace_YN","TerraceSurface","Garden_YN","Garden_area","Surface_of_good","Number_of_facades","Swimming_pool_YN","State_of_building","ipiNo","customer_type","regionCode","region","province","location_type"
"1","https://www.immoweb.be/en/classified/apartment/for-sale/deinze/9800/10865940","10865940","Deinze","9800","APARTMENT","APARTMENT","395000","FOR_SALE","2","99","HYPER_EQUIPPED","False","False","True","12","True","","","4","False","AS_NEW","505.931","AGENCY","FLANDERS","Flanders","East Flanders","URBAN"
"2","https://www.immoweb.be/en/classified/new-real-estate-project-houses/for-sale/gavere/9890/10870494","10870494","Gavere","9890","HOUSE_GROUP","HOUSE_GROUP","","FOR_SALE","","","","None","False","None","","","","","","","","504254","AGENCY","FLANDERS","Flanders","East Flanders",""
"3","https://www.immoweb.be/en/classified/new-real-estate-project-houses/for-sale/booischot/2221/10870431","10870431","Booischot","2221","HOUSE_GROUP","HOUSE_GROUP","","FOR_SALE","","","","None","False","None","","","","","","","","502.895","AGENCY","FLANDERS","Flanders","Antwerp",""
"4","https://www.immoweb.be/en/classified/apartment/for-sale/borgerhout/2140/10869538","10869538","Borgerhout","2140","APARTMENT","APARTMENT","164000","FOR_SALE","1","56","SEMI_EQUIPPED","None","True","True","13","","","27","3","","GOOD","505.542","AGENCY","FLANDERS","Flanders","Antwerp","URBAN"
"5","https://www.immoweb.be/en/classified/apartment/for-sale/blankenberge/8370/10870393","10870393","Blankenberge","8370","APARTMENT","APARTMENT","165000","FOR_SALE","1","73","SEMI_EQUIPPED","True","True","None","","","","","","","GOOD","207.510","AGENCY","FLANDERS","Flanders","West Flanders","LANDSCAPE"
"6","https://www.immoweb.be/en/classified/new-real-estate-project-apartments/for-sale/brussels%20city/1000/9881253","9881253","Brussels City","1000","APARTMENT_GROUP","APARTMENT_GROUP","","FOR_SALE","","","","None","False","None","","","","","","","","","PROPERTY_DEVELOPER","BRUSSELS","Brussels","Brussels",""
"7","https://www.immoweb.be/en/classified/house/for-sale/ans/4432/10869788","10869788","Ans","4432","HOUSE","HOUSE","249000","FOR_SALE","3","114","NOT_INSTALLED","False","False","True","86","True","800","11","3","False","TO_RENOVATE","511.640","AGENCY","WALLONIE","Wallonie","Liège","ISOLATED"
"8","https://www.immoweb.be/en/classified/apartment/for-sale/antwerp/2018/10869539","10869539","Antwerp","2018","APARTMENT","APARTMENT","284000","FOR_SALE","2","74","INSTALLED","None","True","True","15","","","","2","","JUST_RENOVATED","505.542","AGENCY","FLANDERS","Flanders","Antwerp","URBAN"
"9","https://www.immoweb.be/en/classified/house/for-sale/herstal/4040/10869787","10869787","Herstal","4040","HOUSE","HOUSE","299000","FOR_SALE","3","118","INSTALLED","False","False","None","","True","330","10","4","False","GOOD","511.640","AGENCY","WALLONIE","Wallonie","Liège","ISOLATED"
"10","https://www.immoweb.be/en/classified/new-real-estate-project-apartments/for-sale/gent%20zwijnaarde/9052/10869449","10869449","Gent Zwijnaarde","9052","APARTMENT_GROUP","APARTMENT_GROUP","","FOR_SALE","","","","None","False","None","","","","","","","","504254","AGENCY","FLANDERS","Flanders","East Flanders",""
"11","https://www.immoweb.be/en/classified/new-real-estate-project-apartments/for-sale/perwez/1360/10869700","10869700","Perwez","1360","APARTMENT_GROUP","APARTMENT_GROUP","","FOR_SALE","","","","None","False","None","","","","","","","","504157","AGENCY","WALLONIE","Wallonie","Walloon Brabant",""
"12","https://www.immoweb.be/en/classified/new-real-estate-project-apartments/for-sale/vilvoorde/1800/10870245","10870245","Vilvoorde","1800","APARTMENT_GROUP","APARTMENT_GROUP","","FOR_SALE","","","","None","False","None","","","","","","","","510.625","AGENCY","FLANDERS","Flanders","Flemish Brabant",""
"13","https://www.immoweb.be/en/classified/new-real-estate-project-apartments/for-sale/bruxelles/1000/10869580","10869580","Bruxelles","1000","APARTMENT_GROUP","APARTMENT_GROUP","","FOR_SALE","","","","None","False","None","","","","","","","","510.145","REAL_ESTATE_AGENCY","BRUSSELS","Brussels","Brussels",""
"14","https://www.immoweb.be/en/classified/new-real-estate-project-apartments/for-sale/ixelles/1050/10869612","10869612","Ixelles","1050","APARTMENT_GROUP","APARTMENT_GROUP","","FOR_SALE","","","","None","False","None","","","","","","","","510.145","REAL_ESTATE_AGENCY","BRUSSELS","Brussels","Brussels",""
"15","https://www.immoweb.be/en/classified/new-real-estate-project-apartments/for-sale/uccle/1180/10869640","10869640","Uccle","1180","APARTMENT_GROUP","APARTMENT_GROUP","","FOR_SALE","","","","None","False","None","","","","","","","","510.145","REAL_ESTATE_AGENCY","BRUSSELS","Brussels","Brussels",""
"16","https://www.immoweb.be/en/classified/apartment/for-sale/etterbeek/1040/10869112","10869112","Etterbeek","1040","APARTMENT","APARTMENT","399000","FOR_SALE","2","97","HYPER_EQUIPPED","False","False","None","","","","","3","False","GOOD","501415","AGENCY","BRUSSELS","Brussels","Brussels","URBAN"
"17","https://www.immoweb.be/en/classified/loft/for-sale/molenbeek-saint-jean/1080/10869728","10869728","Molenbeek-Saint-Jean","1080","APARTMENT","LOFT","550000","FOR_SALE","2","235","USA_HYPER_EQUIPPED","None","False","True","12","","","","","False","AS_NEW","504.982","AGENCY","BRUSSELS","Brussels","Brussels","RESIDENTIAL"
"18","https://www.immoweb.be/en/classified/new-real-estate-project-apartments/for-sale/uccle/1180/10869663","10869663","Uccle","1180","APARTMENT_GROUP","APARTMENT_GROUP","","FOR_SALE","","","","None","False","None","","","","","","","","510.145","REAL_ESTATE_AGENCY","BRUSSELS","Brussels","Brussels",""
"19","https://www.immoweb.be/en/classified/apartment/for-sale/deinze/9800/10865939","10865939","Deinze","9800","APARTMENT","APARTMENT","250000","FOR_SALE","1","63","HYPER_EQUIPPED","False","False","True","10","True","","","4","False","AS_NEW","505.931","AGENCY","FLANDERS","Flanders","East Flanders","URBAN"
"20","https://www.immoweb.be/en/classified/apartment/for-sale/evere/1140/10863548","10863548","Evere","1140","APARTMENT","APARTMENT","375000","FOR_SALE","2","101","USA_HYPER_EQUIPPED","False","False","True","18","","","","2","False","AS_NEW","501415","AGENCY","BRUSSELS","Brussels","Brussels","URBAN"
"21","https://www.immoweb.be/en/classified/apartment/for-sale/deinze/9800/10865937","10865937","Deinze","9800","APARTMENT","APARTMENT","375000","FOR_SALE","2","85","HYPER_EQUIPPED","False","False","True","28","True","","","4","False","AS_NEW","505.931","AGENCY","FLANDERS","Flanders","East Flanders","URBAN"
"22","https://www.immoweb.be/en/classified/penthouse/for-sale/woluwe-saint-lambert/1200/10863619","10863619","Woluwe-Saint-Lambert","1200","APARTMENT","PENTHOUSE","780000","FOR_SALE","3","141","USA_HYPER_EQUIPPED","False","False","True","12","","","","2","False","AS_NEW","101.862","REAL_ESTATE_AGENCY","BRUSSELS","Brussels","Brussels","URBAN"
"23","https://www.immoweb.be/en/classified/new-real-estate-project-apartments/for-sale/gavere/9890/10868051","10868051","Gavere","9890","APARTMENT_GROUP","APARTMENT_GROUP","","FOR_SALE","","","","None","False","None","","","","","","","","204633","AGENCY","FLANDERS","Flanders","East Flanders",""
"24","https://www.immoweb.be/en/classified/new-real-estate-project-apartments/for-sale/herentals/2200/10866754","10866754","Herentals","2200","APARTMENT_GROUP","APARTMENT_GROUP","","FOR_SALE","","","","None","False","None","","","","","","","","502895","AGENCY","FLANDERS","Flanders","Antwerp",""
"25","https://www.immoweb.be/en/classified/apartment/for-sale/auderghem/1160/10867658","10867658","Auderghem","1160","APARTMENT","APARTMENT","255000","FOR_SALE","1","56","INSTALLED","False","False","True","3","","","","3","False","AS_NEW","500.168","AGENCY","BRUSSELS","Brussels","Brussels","ISOLATED"
"26","https://www.immoweb.be/en/classified/new-real-estate-project-apartments/for-sale/wetteren/9230/10868462","10868462","Wetteren","9230","APARTMENT_GROUP","APARTMENT_GROUP","","FOR_SALE","","","","None","False","None","","","","","","","","505.931","AGENCY","FLANDERS","Flanders","East Flanders",""
"27","https://www.immoweb.be/en/classified/new-real-estate-project-apartments/for-sale/asse/1730/10866334","10866334","Asse","1730","APARTMENT_GROUP","APARTMENT_GROUP","","FOR_SALE","","","","None","False","None","","","","","","","","500.390","AGENCY","FLANDERS","Flanders","Flemish Brabant",""
"28","https://www.immoweb.be/en/classified/new-real-estate-project-apartments/for-sale/gent/9000/10868461","10868461","Gent","9000","APARTMENT_GROUP","APARTMENT_GROUP","","FOR_SALE","","","","None","False","None","","","","","","","","505.931","AGENCY","FLANDERS","Flanders","East Flanders",""
"29","https://www.immoweb.be/en/classified/duplex/for-sale/erpe-mere/9420/10866484","10866484","Erpe-Mere","9420","APARTMENT","DUPLEX","320000","FOR_SALE","3","142","USA_HYPER_EQUIPPED","None","False","True","6","","","10","2","False","AS_NEW","503.550","AGENCY","FLANDERS","Flanders","East Flanders","URBAN"
"30","https://www.immoweb.be/en/classified/duplex/for-sale/kapelle-op-den-bos/1880/10867592","10867592","Kapelle-op-den-Bos","1880","APARTMENT","DUPLEX","345000","FOR_SALE","2","100","SEMI_EQUIPPED","None","True","True","6","","","","2","","GOOD","508.966","AGENCY","FLANDERS","Flanders","Flemish Brabant",""
"31","https://www.immoweb.be/en/classified/mansion/for-sale/aalst/9300/10870995","10870995","Aalst","9300","HOUSE","MANSION","389000","FOR_SALE","3","230","INSTALLED","None","False","None","","","","","","False","AS_NEW","504.851","AGENCY","FLANDERS","Flanders","East Flanders",""
"32","https://www.immoweb.be/en/classified/house/for-sale/str%C3%A9py-bracquegnies/7110/10870987","10870987","Strépy-Bracquegnies","7110","HOUSE","HOUSE","169000","FOR_SALE","2","","SEMI_EQUIPPED","False","False","None","","","","","2","","GOOD","507.831","AGENCY","WALLONIE","Wallonie","Hainaut","RESIDENTIAL"
"33","https://www.immoweb.be/en/classified/house/for-sale/wichelen/9260/10870985","10870985","Wichelen","9260","HOUSE","HOUSE","310000","FOR_SALE","3","201","","False","False","None","","True","450","8","3","False","TO_BE_DONE_UP","512.891","AGENCY","FLANDERS","Flanders","East Flanders",""
"34","https://www.immoweb.be/en/classified/house/for-sale/dendermonde/9200/10870984","10870984","Dendermonde","9200","HOUSE","HOUSE","310000","FOR_SALE","3","201","","False","False","None","","True","450","8","3","False","TO_BE_DONE_UP","512.891","AGENCY","FLANDERS","Flanders","East Flanders",""
"35","https://www.immoweb.be/en/classified/house/for-sale/maasmechelen/3631/10870983","10870983","Maasmechelen","3631","HOUSE","HOUSE","925000","FOR_SALE","6","","INSTALLED","False","False","None","","True","","18.34","3","False","GOOD","207329","AGENCY","FLANDERS","Flanders","Limburg","COUNTRY"
"36","https://www.immoweb.be/en/classified/apartment/for-sale/ixelles/1050/10870982","10870982","Ixelles","1050","APARTMENT","APARTMENT","350000","FOR_SALE","1","90","","None","True","True","6","","","","2","","TO_RESTORE","503292","AGENCY","BRUSSELS","Brussels","Brussels",""
"37","https://www.immoweb.be/en/classified/apartment/for-sale/schaerbeek/1030/10870981","10870981","Schaerbeek","1030","APARTMENT","APARTMENT","360000","FOR_SALE","1","104","","None","True","None","","True","","","","","","503292","AGENCY","BRUSSELS","Brussels","Brussels",""
"38","https://www.immoweb.be/en/classified/apartment/for-sale/uccle/1180/10870979","10870979","Uccle","1180","APARTMENT","APARTMENT","395000","FOR_SALE","2","110","INSTALLED","None","True","None","","True","400","","3","","JUST_RENOVATED","503292","AGENCY","BRUSSELS","Brussels","Brussels",""
"39","https://www.immoweb.be/en/classified/penthouse/for-sale/etterbeek/1040/10870978","10870978","Etterbeek","1040","APARTMENT","PENTHOUSE","375000","FOR_SALE","1","75","","None","True","None","","","","","2","","","503292","AGENCY","BRUSSELS","Brussels","Brussels",""
"40","https://www.immoweb.be/en/classified/apartment/for-sale/brugge/8000/10870972","10870972","Brugge","8000","APARTMENT","APARTMENT","420000","FOR_SALE","2","115","USA_HYPER_EQUIPPED","False","False","True","30","","","","2","False","AS_NEW","509.459","AGENCY","FLANDERS","Flanders","West Flanders","URBAN"
"41","https://www.immoweb.be/en/classified/house/for-sale/gent/9000/10870969","10870969","Gent","9000","HOUSE","HOUSE","249000","FOR_SALE","2","","USA_HYPER_EQUIPPED","False","False","True","","True","48","","3","","AS_NEW","500.774","AGENCY","FLANDERS","Flanders","East Flanders",""
"42","https://www.immoweb.be/en/classified/house/for-sale/kuurne/8520/10870964","10870964","Kuurne","8520","HOUSE","HOUSE","162000","FOR_SALE","3","109","","None","False","None","","","","8","2","","TO_BE_DONE_UP","508.292","AGENCY","FLANDERS","Flanders","West Flanders","FITTED_OUT"
"43","https://www.immoweb.be/en/classified/house/for-sale/desselgem/8792/10870957","10870957","Desselgem","8792","HOUSE","HOUSE","245000","FOR_SALE","4","186","INSTALLED","False","False","None","","True","120","6","3","","GOOD","506.431","AGENCY","FLANDERS","Flanders","West Flanders",""
"44","https://www.immoweb.be/en/classified/new-real-estate-project-apartments/for-sale/kortrijk/8500/10870949","10870949","Kortrijk","8500","APARTMENT_GROUP","APARTMENT_GROUP","","FOR_SALE","","","","None","False","None","","","","","","","","","PROPERTY_DEVELOPER","FLANDERS","Flanders","West Flanders",""
"45","https://www.immoweb.be/en/classified/new-real-estate-project-apartments/for-sale/roeselare/8800/10870939","10870939","Roeselare","8800","APARTMENT_GROUP","APARTMENT_GROUP","","FOR_SALE","","","","None","False","None","","","","","","","","","PROPERTY_DEVELOPER","FLANDERS","Flanders","West Flanders",""
"46","https://www.immoweb.be/en/classified/new-real-estate-project-apartments/for-sale/dour/7370/10870936","10870936","Dour","7370","APARTMENT_GROUP","APARTMENT_GROUP","","FOR_SALE","","","","None","False","None","","","","","","","","","PROPERTY_DEVELOPER","WALLONIE","Wallonie","Hainaut",""
"47","https://www.immoweb.be/en/classified/new-real-estate-project-apartments/for-sale/waregem/8790/10870935","10870935","Waregem","8790","APARTMENT_GROUP","APARTMENT_GROUP","","FOR_SALE","","","","None","False","None","","","","","","","","","PROPERTY_DEVELOPER","FLANDERS","Flanders","West Flanders",""
"48","https://www.immoweb.be/en/classified/new-real-estate-project-apartments/for-sale/sint-niklaas/9100/10870934","10870934","Sint-Niklaas","9100","APARTMENT_GROUP","APARTMENT_GROUP","","FOR_SALE","","","","None","False","None","","","","","","","","","PROPERTY_DEVELOPER","FLANDERS","Flanders","East Flanders",""
"49","https://www.immoweb.be/en/classified/house/for-sale/seraing/4101/10870923","10870923","Seraing","4101","HOUSE","HOUSE","219900","FOR_SALE","3","140","INSTALLED","True","False","True","11","","","30","3","False","TO_BE_DONE_UP","500.347","AGENCY","WALLONIE","Wallonie","Liège","URBAN"
"50","https://www.immoweb.be/en/classified/new-real-estate-project-apartments/for-sale/roeselare/8800/10870922","10870922","Roeselare","8800","APARTMENT_GROUP","APARTMENT_GROUP","","FOR_SALE","","","","None","False","None","","","","","","","","","PROPERTY_DEVELOPER","FLANDERS","Flanders","West Flanders",""
"51","https://www.immoweb.be/en/classified/new-real-estate-project-apartments/for-sale/waregem/8790/10870914","10870914","Waregem","8790","APARTMENT_GROUP","APARTMENT_GROUP","","FOR_SALE","","","","None","False","None","","","","","","","","","PROPERTY_DEVELOPER","FLANDERS","Flanders","West Flanders",""
"52","https://www.immoweb.be/en/classified/new-real-estate-project-houses/for-sale/gent/9000/10870910","10870910","Gent","9000","HOUSE_GROUP","HOUSE_GROUP","","FOR_SALE","","","","None","False","None","","","","","","","","","PROPERTY_DEVELOPER","FLANDERS","Flanders","East Flanders",""
"53","https://www.immoweb.be/en/classified/new-real-estate-project-houses/for-sale/kortrijk/8500/10870908","10870908","Kortrijk","8500","HOUSE_GROUP","HOUSE_GROUP","","FOR_SALE","","","","None","False","None","","","","","","","","","PROPERTY_DEVELOPER","FLANDERS","Flanders","West Flanders",""
"54","https://www.immoweb.be/en/classified/apartment/for-sale/sint-niklaas/9100/10870907","10870907","Sint-Niklaas","9100","APARTMENT","APARTMENT","385000","FOR_SALE","3","","","None","False","None","","","","","2","","","","PROPERTY_DEVELOPER","FLANDERS","Flanders","East Flanders",""
"55","https://www.immoweb.be/en/classified/apartment/for-sale/dour/7370/10870906","10870906","Dour","7370","APARTMENT","APARTMENT","286000","FOR_SALE","3","137","","None","False","None","","","","","2","","","","PROPERTY_DEVELOPER","WALLONIE","Wallonie","Hainaut",""
"56","https://www.immoweb.be/en/classified/apartment/for-sale/dour/7370/10870903","10870903","Dour","7370","APARTMENT","APARTMENT","319000","FOR_SALE","3","138","","None","False","None","","","","","2","","","","PROPERTY_DEVELOPER","WALLONIE","Wallonie","Hainaut",""
"57","https://www.immoweb.be/en/classified/apartment/for-sale/knokke-heist/8300/10870894","10870894","Knokke-Heist","8300","APARTMENT","APARTMENT","439000","FOR_SALE","2","80","HYPER_EQUIPPED","True","False","None","","","","","2","False","GOOD","500877","AGENCY","FLANDERS","Flanders","West Flanders",""
"58","https://www.immoweb.be/en/classified/house/for-sale/marchienne-au-pont/6030/10870885","10870885","Marchienne-au-Pont","6030","HOUSE","HOUSE","385000","FOR_SALE","4","","","None","False","None","","","","","","","","510.611","AGENCY","WALLONIE","Wallonie","Hainaut",""
"59","https://www.immoweb.be/en/classified/house/for-sale/sart-bernard/5330/10870877","10870877","SART-BERNARD","5330","HOUSE","HOUSE","385000","FOR_SALE","4","165","INSTALLED","None","True","True","60","True","","12","2","","","507.295","AGENCY","WALLONIE","Wallonie","Namur",""
"60","https://www.immoweb.be/en/classified/house/for-sale/gosselies/6041/10870871","10870871","Gosselies","6041","HOUSE","HOUSE","269000","FOR_SALE","4","185","INSTALLED","None","True","True","40","True","","","3","","JUST_RENOVATED","103.503","REAL_ESTATE_AGENCY","WALLONIE","Wallonie","Hainaut",""
"2/1","https://www.immoweb.be/en/classified/house/for-sale/gavere/9890/10870500","10870500","Gavere","9890","HOUSE","HOUSE","322184","FOR_SALE","3","120","HYPER_EQUIPPED","False","False","True","18","True","55","7","2","False","AS_NEW","504254","AGENCY","FLANDERS","Flanders","East Flanders","URBAN"
"2/2","https://www.immoweb.be/en/classified/house/for-sale/gavere/9890/10870501","10870501","Gavere","9890","HOUSE","HOUSE","322184","FOR_SALE","3","120","HYPER_EQUIPPED","False","False","True","18","True","55","7","2","False","AS_NEW","504254","AGENCY","FLANDERS","Flanders","East Flanders","URBAN"
"2/3","https://www.immoweb.be/en/classified/house/for-sale/gavere/9890/10870502","10870502","Gavere","9890","HOUSE","HOUSE","322184","FOR_SALE","3","120","HYPER_EQUIPPED","False","False","True","18","True","55","7","2","False","AS_NEW","504254","AGENCY","FLANDERS","Flanders","East Flanders","URBAN"
"2/4","https://www.immoweb.be/en/classified/house/for-sale/gavere/9890/10870503","10870503","Gavere","9890","HOUSE","HOUSE","356147","FOR_SALE","3","120","HYPER_EQUIPPED","False","False","True","18","True","131","7.15","3","False","AS_NEW","504254","AGENCY","FLANDERS","Flanders","East Flanders","URBAN"
"2/5","https://www.immoweb.be/en/classified/house/for-sale/gavere/9890/10870498","10870498","Gavere","9890","HOUSE","HOUSE","364163","FOR_SALE","3","120","HYPER_EQUIPPED","False","False","True","15","True","158","7.1","3","False","AS_NEW","504254","AGENCY","FLANDERS","Flanders","East Flanders","URBAN"
"2/6","https://www.immoweb.be/en/classified/house/for-sale/gavere/9890/10870495","10870495","Gavere","9890","HOUSE","HOUSE","369173","FOR_SALE","3","120","HYPER_EQUIPPED","False","False","True","15","True","172","7.1","3","False","AS_NEW","504254","AGENCY","FLANDERS","Flanders","East Flanders","URBAN"
"2/7","https://www.immoweb.be/en/classified/house/for-sale/gavere/9890/10870497","10870497","Gavere","9890","HOUSE","HOUSE","386889","FOR_SALE","3","153","HYPER_EQUIPPED","False","False","True","17","True","49","8.55","2","False","AS_NEW","504254","AGENCY","FLANDERS","Flanders","East Flanders","URBAN"
"2/8","https://www.immoweb.be/en/classified/house/for-sale/gavere/9890/10870496","10870496","Gavere","9890","HOUSE","HOUSE","388789","FOR_SALE","3","153","HYPER_EQUIPPED","False","False","True","17","True","53","8.55","2","False","AS_NEW","504254","AGENCY","FLANDERS","Flanders","East Flanders","URBAN"
"3/1","https://www.immoweb.be/en/classified/house/for-sale/booischot/2221/10870432","10870432","Booischot","2221","HOUSE","HOUSE","380000","FOR_SALE","3","121","INSTALLED","None","True","True","","True","","","3","","","502.895","AGENCY","FLANDERS","Flanders","Antwerp","RESIDENTIAL"
"3/2","https://www.immoweb.be/en/classified/house/for-sale/booischot/2221/10870437","10870437","Booischot","2221","HOUSE","HOUSE","385000","FOR_SALE","3","120","INSTALLED","None","True","True","","True","","","2","","","502.895","AGENCY","FLANDERS","Flanders","Antwerp","RESIDENTIAL"
"3/3","https://www.immoweb.be/en/classified/house/for-sale/booischot/2221/10870436","10870436","Booischot","2221","HOUSE","HOUSE","385000","FOR_SALE","3","120","INSTALLED","None","True","True","","True","","","2","","","502.895","AGENCY","FLANDERS","Flanders","Antwerp","RESIDENTIAL"
"3/4","https://www.immoweb.be/en/classified/house/for-sale/booischot/2221/10870433","10870433","Booischot","2221","HOUSE","HOUSE","392000","FOR_SALE","3","133","INSTALLED","None","True","True","","True","","","2","","","502.895","AGENCY","FLANDERS","Flanders","Antwerp","RESIDENTIAL"
"3/5","https://www.immoweb.be/en/classified/house/for-sale/booischot/2221/10870435","10870435","Booischot","2221","HOUSE","HOUSE","395000","FOR_SALE","3","124","INSTALLED","None","True","True","","True","","","3","","","502.895","AGENCY","FLANDERS","Flanders","Antwerp","RESIDENTIAL"
"3/6","https://www.immoweb.be/en/classified/house/for-sale/booischot/2221/10870439","10870439","Booischot","2221","HOUSE","HOUSE","395000","FOR_SALE","3","124","INSTALLED","None","True","True","","True","","","3","","","502.895","AGENCY","FLANDERS","Flanders","Antwerp","RESIDENTIAL"
"3/7","https://www.immoweb.be/en/classified/house/for-sale/booischot/2221/10870434","10870434","Booischot","2221","HOUSE","HOUSE","398000","FOR_SALE","3","143","INSTALLED","None","True","True","","True","","","3","","","502.895","AGENCY","FLANDERS","Flanders","Antwerp","RESIDENTIAL"
"6/1","https://www.immoweb.be/en/classified/apartment/for-sale/brussels-city/1000/9887762","9887762","La Hulpe","1000","APARTMENT","APARTMENT","195500","FOR_SALE","1","25","INSTALLED","None","False","None","","","","","","","","","PROPERTY_DEVELOPER","BRUSSELS","Brussels","Brussels","RESIDENTIAL"
"6/2","https://www.immoweb.be/en/classified/apartment/for-sale/brussels-city/1000/9887763","9887763","Brussels City","1000","APARTMENT","APARTMENT","195500","FOR_SALE","1","25","INSTALLED","None","False","None","","","","","","","","","PROPERTY_DEVELOPER","BRUSSELS","Brussels","Brussels","RESIDENTIAL"
"6/3","https://www.immoweb.be/en/classified/apartment/for-sale/brussels-city/1000/9887765","9887765","Brussels City","1000","APARTMENT","APARTMENT","216500","FOR_SALE","1","24","INSTALLED","None","False","None","","","","","","","","","PROPERTY_DEVELOPER","BRUSSELS","Brussels","Brussels","RESIDENTIAL"
"6/4","https://www.immoweb.be/en/classified/apartment/for-sale/brussels-city/1000/9887768","9887768","Brussels City","1000","APARTMENT","APARTMENT","216500","FOR_SALE","1","24","INSTALLED","None","False","None","","","","","","","","","PROPERTY_DEVELOPER","BRUSSELS","Brussels","Brussels","RESIDENTIAL"
"6/5","https://www.immoweb.be/en/classified/apartment/for-sale/brussels-city/1000/9887764","9887764","Brussels City","1000","APARTMENT","APARTMENT","216500","FOR_SALE","1","24","INSTALLED","None","False","None","","","","","","","","","PROPERTY_DEVELOPER","BRUSSELS","Brussels","Brussels","RESIDENTIAL"
"6/6","https://www.immoweb.be/en/classified/apartment/for-sale/brussels-city/1000/9887767","9887767","Brussels City","1000","APARTMENT","APARTMENT","216500","FOR_SALE","1","24","INSTALLED","None","False","None","","","","","","","","","PROPERTY_DEVELOPER","BRUSSELS","Brussels","Brussels","RESIDENTIAL"
"6/7","https://www.immoweb.be/en/classified/apartment/for-sale/brussels-city/1000/9887769","9887769","Brussels City","1000","APARTMENT","APARTMENT","216500","FOR_SALE","1","24","INSTALLED","None","False","None","","","","","","","","","PROPERTY_DEVELOPER","BRUSSELS","Brussels","Brussels","RESIDENTIAL"
"6/8","https://www.immoweb.be/en/classified/apartment/for-sale/brussels-city/1000/9887766","9887766","Brussels City","1000","APARTMENT","APARTMENT","216500","FOR_SALE","1","24","INSTALLED","None","False","None","","","","","","","","","PROPERTY_DEVELOPER","BRUSSELS","Brussels","Brussels","RESIDENTIAL"
"6/9","https://www.immoweb.be/en/classified/apartment/for-sale/brussels-city/1000/9887775","9887775","Brussels City","1000","APARTMENT","APARTMENT","223500","FOR_SALE","1","25","INSTALLED","None","False","None","","","","","","","","","PROPERTY_DEVELOPER","BRUSSELS","Brussels","Brussels","RESIDENTIAL"
"6/10","https://www.immoweb.be/en/classified/apartment/for-sale/brussels-city/1000/9887770","9887770","Brussels City","1000","APARTMENT","APARTMENT","223500","FOR_SALE","1","25","INSTALLED","None","False","None","","","","","","","","","PROPERTY_DEVELOPER","BRUSSELS","Brussels","Brussels","RESIDENTIAL"
"6/11","https://www.immoweb.be/en/classified/apartment/for-sale/brussels-city/1000/9887778","9887778","Brussels City","1000","APARTMENT","APARTMENT","223500","FOR_SALE","1","25","INSTALLED","None","False","None","","","","","","","","","PROPERTY_DEVELOPER","BRUSSELS","Brussels","Brussels","RESIDENTIAL"
"6/12","https://www.immoweb.be/en/classified/apartment/for-sale/brussels-city/1000/9887771","9887771","Brussels City","1000","APARTMENT","APARTMENT","223500","FOR_SALE","1","25","INSTALLED","None","False","None","","","","","","","","","PROPERTY_DEVELOPER","BRUSSELS","Brussels","Brussels","RESIDENTIAL"
"6/13","https://www.immoweb.be/en/classified/apartment/for-sale/brussels-city/1000/9887772","9887772","Brussels City","1000","APARTMENT","APARTMENT","223500","FOR_SALE","1","25","INSTALLED","None","False","None","","","","","","","","","PROPERTY_DEVELOPER","BRUSSELS","Brussels","Brussels","RESIDENTIAL"
"6/14","https://www.immoweb.be/en/classified/apartment/for-sale/brussels-city/1000/9887779","9887779","Brussels City","1000","APARTMENT","APARTMENT","230500","FOR_SALE","1","29","INSTALLED","None","False","None","","","","","","","","","PROPERTY_DEVELOPER","BRUSSELS","Brussels","Brussels","RESIDENTIAL"
"6/15","https://www.immoweb.be/en/classified/apartment/for-sale/brussels-city/1000/9887780","9887780","Brussels City","1000","APARTMENT","APARTMENT","230500","FOR_SALE","1","31","INSTALLED","None","False","None","","","","","","","","","PROPERTY_DEVELOPER","BRUSSELS","Brussels","Brussels","RESIDENTIAL"
"6/16","https://www.immoweb.be/en/classified/apartment/for-sale/brussels-city/1000/9887784","9887784","Brussels City","1000","APARTMENT","APARTMENT","230500","FOR_SALE","1","23","INSTALLED","None","False","None","","","","","","","","","PROPERTY_DEVELOPER","BRUSSELS","Brussels","Brussels","RESIDENTIAL"
"6/17","https://www.immoweb.be/en/classified/apartment/for-sale/brussels-city/1000/9887781","9887781","Brussels City","1000","APARTMENT","APARTMENT","230500","FOR_SALE","1","31","INSTALLED","None","False","None","","","","","","","","","PROPERTY_DEVELOPER","BRUSSELS","Brussels","Brussels","RESIDENTIAL"
"6/18","https://www.immoweb.be/en/classified/apartment/for-sale/brussels-city/1000/9887786","9887786","Brussels City","1000","APARTMENT","APARTMENT","230500","FOR_SALE","1","24","INSTALLED","None","False","None","","","","","","","","","PROPERTY_DEVELOPER","BRUSSELS","Brussels","Brussels","RESIDENTIAL"
"6/19","https://www.immoweb.be/en/classified/apartment/for-sale/brussels-city/1000/9887782","9887782","Brussels City","1000","APARTMENT","APARTMENT","230500","FOR_SALE","1","25","INSTALLED","None","False","None","","","","","","","","","PROPERTY_DEVELOPER","BRUSSELS","Brussels","Brussels","RESIDENTIAL"
"6/20","https://www.immoweb.be/en/classified/apartment/for-sale/brussels-city/1000/9887783","9887783","Brussels City","1000","APARTMENT","APARTMENT","230500","FOR_SALE","1","25","INSTALLED","None","False","None","","","","","","","","","PROPERTY_DEVELOPER","BRUSSELS","Brussels","Brussels","RESIDENTIAL"
"6/21","https://www.immoweb.be/en/classified/apartment/for-sale/brussels-city/1000/9887785","9887785","Brussels City","1000","APARTMENT","APARTMENT","230500","FOR_SALE","1","22","INSTALLED","None","False","None","","","","","","","","","PROPERTY_DEVELOPER","BRUSSELS","Brussels","Brussels","RESIDENTIAL"
"6/22","https://www.immoweb.be/en/classified/apartment/for-sale/brussels-city/1000/9887787","9887787","Brussels City","1000","APARTMENT","APARTMENT","237500","FOR_SALE","1","31","INSTALLED","None","False","None","","","","","","","","","PROPERTY_DEVELOPER","BRUSSELS","Brussels","Brussels","RESIDENTIAL"
"6/23","https://www.immoweb.be/en/classified/apartment/for-sale/brussels-city/1000/9887788","9887788","Brussels City","1000","APARTMENT","APARTMENT","237500","FOR_SALE","1","31","INSTALLED","None","False","None","","","","","","","","","PROPERTY_DEVELOPER","BRUSSELS","Brussels","Brussels","RESIDENTIAL"
"6/24","https://www.immoweb.be/en/classified/apartment/for-sale/brussels-city/1000/9887789","9887789","Brussels City","1000","APARTMENT","APARTMENT","237500","FOR_SALE","1","25","INSTALLED","None","False","None","","","","","","","","","PROPERTY_DEVELOPER","BRUSSELS","Brussels","Brussels","RESIDENTIAL"
"6/25","https://www.immoweb.be/en/classified/apartment/for-sale/brussels-city/1000/9887791","9887791","Brussels City","1000","APARTMENT","APARTMENT","244500","FOR_SALE","1","31","INSTALLED","None","False","None","","","","","","","","","PROPERTY_DEVELOPER","BRUSSELS","Brussels","Brussels","RESIDENTIAL"
"6/26","https://www.immoweb.be/en/classified/apartment/for-sale/brussels-city/1000/9887792","9887792","Brussels City","1000","APARTMENT","APARTMENT","244500","FOR_SALE","1","31","INSTALLED","None","False","None","","","","","","","","","PROPERTY_DEVELOPER","BRUSSELS","Brussels","Brussels","RESIDENTIAL"
"6/27","https://www.immoweb.be/en/classified/apartment/for-sale/brussels-city/1000/9887793","9887793","Brussels City","1000","APARTMENT","APARTMENT","244500","FOR_SALE","1","25","INSTALLED","None","False","None","","","","","","","","","PROPERTY_DEVELOPER","BRUSSELS","Brussels","Brussels","RESIDENTIAL"
"6/28","https://www.immoweb.be/en/classified/apartment/for-sale/brussels-city/1000/9887794","9887794","Brussels City","1000","APARTMENT","APARTMENT","255000","FOR_SALE","1","31","INSTALLED","None","False","None","","","","","","","","","PROPERTY_DEVELOPER","BRUSSELS","Brussels","Brussels","RESIDENTIAL"
"6/29","https://www.immoweb.be/en/classified/apartment/for-sale/brussels-city/1000/9887795","9887795","Brussels City","1000","APARTMENT","APARTMENT","265500","FOR_SALE","1","26","INSTALLED","None","False","None","","","","","","","","","PROPERTY_DEVELOPER","BRUSSELS","Brussels","Brussels","RESIDENTIAL"
"6/30","https://www.immoweb.be/en/classified/apartment/for-sale/brussels-city/1000/9887796","9887796","Brussels City","1000","APARTMENT","APARTMENT","265500","FOR_SALE","1","29","INSTALLED","None","False","None","","","","","","","","","PROPERTY_DEVELOPER","BRUSSELS","Brussels","Brussels","RESIDENTIAL"
"10/1","https://www.immoweb.be/en/classified/apartment/for-sale/gent-zwijnaarde/9052/10869469","10869469","Gent Zwijnaarde","9052","APARTMENT","APARTMENT","301948","FOR_SALE","1","69","HYPER_EQUIPPED","False","False","True","9","","","","3","False","","504254","AGENCY","FLANDERS","Flanders","East Flanders","RESIDENTIAL"
"10/2","https://www.immoweb.be/en/classified/apartment/for-sale/gent-zwijnaarde/9052/10869459","10869459","Gent Zwijnaarde","9052","APARTMENT","APARTMENT","312740","FOR_SALE","1","79","HYPER_EQUIPPED","False","False","True","9","","","","2","False","","504254","AGENCY","FLANDERS","Flanders","East Flanders","RESIDENTIAL"
"10/3","https://www.immoweb.be/en/classified/apartment/for-sale/gent-zwijnaarde/9052/10869457","10869457","Gent Zwijnaarde","9052","APARTMENT","APARTMENT","349106","FOR_SALE","1","79","HYPER_EQUIPPED","False","False","True","12","","","","2","False","","504254","AGENCY","FLANDERS","Flanders","East Flanders","RESIDENTIAL"
"10/4","https://www.immoweb.be/en/classified/apartment/for-sale/gent-zwijnaarde/9052/10869460","10869460","Gent Zwijnaarde","9052","APARTMENT","APARTMENT","367726","FOR_SALE","3","124","HYPER_EQUIPPED","False","False","True","11","","","","3","False","","504254","AGENCY","FLANDERS","Flanders","East Flanders","RESIDENTIAL"
"10/5","https://www.immoweb.be/en/classified/apartment/for-sale/gent-zwijnaarde/9052/10869455","10869455","Gent Zwijnaarde","9052","APARTMENT","APARTMENT","390260","FOR_SALE","2","92","HYPER_EQUIPPED","False","False","True","10","","","","2","False","","504254","AGENCY","FLANDERS","Flanders","East Flanders","RESIDENTIAL"
"10/6","https://www.immoweb.be/en/classified/apartment/for-sale/gent-zwijnaarde/9052/10869467","10869467","Gent Zwijnaarde","9052","APARTMENT","APARTMENT","390260","FOR_SALE","2","92","HYPER_EQUIPPED","False","False","True","10","","","","2","False","","504254","AGENCY","FLANDERS","Flanders","East Flanders","RESIDENTIAL"
"10/7","https://www.immoweb.be/en/classified/apartment/for-sale/gent-zwijnaarde/9052/10869453","10869453","Gent Zwijnaarde","9052","APARTMENT","APARTMENT","393300","FOR_SALE","2","91","HYPER_EQUIPPED","False","False","True","12","","","","2","False","","504254","AGENCY","FLANDERS","Flanders","East Flanders","RESIDENTIAL"
"10/8","https://www.immoweb.be/en/classified/apartment/for-sale/gent-zwijnaarde/9052/10869461","10869461","Gent Zwijnaarde","9052","APARTMENT","APARTMENT","394440","FOR_SALE","2","91","HYPER_EQUIPPED","False","False","True","12","","","","2","False","","504254","AGENCY","FLANDERS","Flanders","East Flanders","RESIDENTIAL"
"10/9","https://www.immoweb.be/en/classified/apartment/for-sale/gent-zwijnaarde/9052/10869450","10869450","Gent Zwijnaarde","9052","APARTMENT","APARTMENT","413022","FOR_SALE","3","100","HYPER_EQUIPPED","False","False","True","16","","","","3","False","","504254","AGENCY","FLANDERS","Flanders","East Flanders","URBAN"
"10/10","https://www.immoweb.be/en/classified/apartment/for-sale/gent-zwijnaarde/9052/10869462","10869462","Gent Zwijnaarde","9052","APARTMENT","APARTMENT","419368","FOR_SALE","2","99","HYPER_EQUIPPED","False","False","True","11","","","","2","False","","504254","AGENCY","FLANDERS","Flanders","East Flanders","RESIDENTIAL"
"10/11","https://www.immoweb.be/en/classified/apartment/for-sale/gent-zwijnaarde/9052/10869451","10869451","Gent Zwijnaarde","9052","APARTMENT","APARTMENT","419368","FOR_SALE","2","99","HYPER_EQUIPPED","False","False","True","11","","","","2","False","","504254","AGENCY","FLANDERS","Flanders","East Flanders","RESIDENTIAL"
"10/12","https://www.immoweb.be/en/classified/apartment/for-sale/gent-zwijnaarde/9052/10869456","10869456","Gent Zwijnaarde","9052","APARTMENT","APARTMENT","419406","FOR_SALE","2","99","HYPER_EQUIPPED","False","False","True","11","","","","2","False","","504254","AGENCY","FLANDERS","Flanders","East Flanders","RESIDENTIAL"
"10/13","https://www.immoweb.be/en/classified/apartment/for-sale/gent-zwijnaarde/9052/10869458","10869458","Gent Zwijnaarde","9052","APARTMENT","APARTMENT","429172","FOR_SALE","2","100","HYPER_EQUIPPED","False","False","True","13","","","","3","False","","504254","AGENCY","FLANDERS","Flanders","East Flanders","RESIDENTIAL"
"10/14","https://www.immoweb.be/en/classified/apartment/for-sale/gent-zwijnaarde/9052/10869452","10869452","Gent Zwijnaarde","9052","APARTMENT","APARTMENT","429210","FOR_SALE","2","100","HYPER_EQUIPPED","False","False","True","13","","","","3","False","","504254","AGENCY","FLANDERS","Flanders","East Flanders","RESIDENTIAL"
"10/15","https://www.immoweb.be/en/classified/apartment/for-sale/gent-zwijnaarde/9052/10869463","10869463","Gent Zwijnaarde","9052","APARTMENT","APARTMENT","429210","FOR_SALE","2","100","HYPER_EQUIPPED","False","False","True","13","","","","3","False","","504254","AGENCY","FLANDERS","Flanders","East Flanders","RESIDENTIAL"
"10/16","https://www.immoweb.be/en/classified/apartment/for-sale/gent-zwijnaarde/9052/10869465","10869465","Gent Zwijnaarde","9052","APARTMENT","APARTMENT","463258","FOR_SALE","2","107","HYPER_EQUIPPED","False","False","True","19","","","","2","False","","504254","AGENCY","FLANDERS","Flanders","East Flanders","URBAN"
"10/17","https://www.immoweb.be/en/classified/apartment/for-sale/gent-zwijnaarde/9052/10869466","10869466","Gent Zwijnaarde","9052","APARTMENT","APARTMENT","513988","FOR_SALE","3","124","HYPER_EQUIPPED","False","False","True","11","","","","3","False","","504254","AGENCY","FLANDERS","Flanders","East Flanders","RESIDENTIAL"
"10/18","https://www.immoweb.be/en/classified/apartment/for-sale/gent-zwijnaarde/9052/10869454","10869454","Gent Zwijnaarde","9052","APARTMENT","APARTMENT","530328","FOR_SALE","3","126","HYPER_EQUIPPED","False","False","True","13","","","","2","False","","504254","AGENCY","FLANDERS","Flanders","East Flanders","RESIDENTIAL"
"10/19","https://www.immoweb.be/en/classified/apartment/for-sale/gent-zwijnaarde/9052/10869468","10869468","Gent Zwijnaarde","9052","APARTMENT","APARTMENT","530328","FOR_SALE","3","126","HYPER_EQUIPPED","False","False","True","13","","","","2","False","","504254","AGENCY","FLANDERS","Flanders","East Flanders","RESIDENTIAL"
"10/20","https://www.immoweb.be/en/classified/apartment/for-sale/gent-zwijnaarde/9052/10869464","10869464","Gent Zwijnaarde","9052","APARTMENT","APARTMENT","556453","FOR_SALE","3","131","HYPER_EQUIPPED","False","False","True","19","","","","2","False","","504254","AGENCY","FLANDERS","Flanders","East Flanders","URBAN"
"11/1","https://www.immoweb.be/en/classified/apartment/for-sale/perwez/1360/10869701","10869701","Perwez","1360","APARTMENT","APARTMENT","309000","FOR_SALE","2","93","USA_HYPER_EQUIPPED","False","False","True","12","True","248","","","","AS_NEW","504157","AGENCY","WALLONIE","Wallonie","Walloon Brabant",""
"12/1","https://www.immoweb.be/en/classified/apartment/for-sale/vilvoorde/1800/10870264","10870264","Vilvoorde","1800","APARTMENT","APARTMENT","346939","FOR_SALE","2","112","","None","False","True","8","","","","2","False","","510.625","AGENCY","FLANDERS","Flanders","Flemish Brabant","RESIDENTIAL"
"12/2","https://www.immoweb.be/en/classified/apartment/for-sale/vilvoorde/1800/10870265","10870265","Vilvoorde","1800","APARTMENT","APARTMENT","347065","FOR_SALE","2","112","","None","False","True","8","","","","2","False","","510.625","AGENCY","FLANDERS","Flanders","Flemish Brabant","RESIDENTIAL"
"12/3","https://www.immoweb.be/en/classified/apartment/for-sale/vilvoorde/1800/10870262","10870262","Vilvoorde","1800","APARTMENT","APARTMENT","349388","FOR_SALE","2","113","","None","False","True","8","","","","2","False","","510.625","AGENCY","FLANDERS","Flanders","Flemish Brabant","RESIDENTIAL"
"12/4","https://www.immoweb.be/en/classified/apartment/for-sale/vilvoorde/1800/10870253","10870253","Vilvoorde","1800","APARTMENT","APARTMENT","349561","FOR_SALE","2","113","","None","False","True","8","","","","2","False","","510.625","AGENCY","FLANDERS","Flanders","Flemish Brabant","RESIDENTIAL"
"12/5","https://www.immoweb.be/en/classified/apartment/for-sale/vilvoorde/1800/10870268","10870268","Vilvoorde","1800","APARTMENT","APARTMENT","350773","FOR_SALE","2","110","","None","False","True","11","","","","2","False","","510.625","AGENCY","FLANDERS","Flanders","Flemish Brabant","RESIDENTIAL"
"12/6","https://www.immoweb.be/en/classified/apartment/for-sale/vilvoorde/1800/10870252","10870252","Vilvoorde","1800","APARTMENT","APARTMENT","353470","FOR_SALE","2","111","","None","False","True","11","","","","2","False","","510.625","AGENCY","FLANDERS","Flanders","Flemish Brabant","RESIDENTIAL"
"12/7","https://www.immoweb.be/en/classified/apartment/for-sale/vilvoorde/1800/10870249","10870249","Vilvoorde","1800","APARTMENT","APARTMENT","353967","FOR_SALE","2","110","","None","False","True","11","","","","2","False","","510.625","AGENCY","FLANDERS","Flanders","Flemish Brabant","RESIDENTIAL"
"12/8","https://www.immoweb.be/en/classified/apartment/for-sale/vilvoorde/1800/10870260","10870260","Vilvoorde","1800","APARTMENT","APARTMENT","356530","FOR_SALE","2","111","","None","False","True","11","","","","2","False","","510.625","AGENCY","FLANDERS","Flanders","Flemish Brabant","RESIDENTIAL"
"12/9","https://www.immoweb.be/en/classified/apartment/for-sale/vilvoorde/1800/10870247","10870247","Vilvoorde","1800","APARTMENT","APARTMENT","360016","FOR_SALE","2","111","","None","False","True","11","","","","2","False","","510.625","AGENCY","FLANDERS","Flanders","Flemish Brabant","RESIDENTIAL"
"12/10","https://www.immoweb.be/en/classified/ground-floor/for-sale/vilvoorde/1800/10870248","10870248","Vilvoorde","1800","APARTMENT","GROUND_FLOOR","360280","FOR_SALE","2","113","","None","False","True","8","","","","2","False","","510.625","AGENCY","FLANDERS","Flanders","Flemish Brabant","RESIDENTIAL"
"12/11","https://www.immoweb.be/en/classified/apartment/for-sale/vilvoorde/1800/10870263","10870263","Vilvoorde","1800","APARTMENT","APARTMENT","365780","FOR_SALE","2","111","","None","False","True","11","","","","2","False","","510.625","AGENCY","FLANDERS","Flanders","Flemish Brabant","RESIDENTIAL"
"12/12","https://www.immoweb.be/en/classified/ground-floor/for-sale/vilvoorde/1800/10870259","10870259","Vilvoorde","1800","APARTMENT","GROUND_FLOOR","370233","FOR_SALE","2","118","","None","False","True","10","","","","2","False","","510.625","AGENCY","FLANDERS","Flanders","Flemish Brabant","RESIDENTIAL"
"12/13","https://www.immoweb.be/en/classified/apartment/for-sale/vilvoorde/1800/10870270","10870270","Vilvoorde","1800","APARTMENT","APARTMENT","370658","FOR_SALE","2","117","","None","False","True","10","","","","2","False","","510.625","AGENCY","FLANDERS","Flanders","Flemish Brabant","RESIDENTIAL"
"12/14","https://www.immoweb.be/en/classified/apartment/for-sale/vilvoorde/1800/10870256","10870256","Vilvoorde","1800","APARTMENT","APARTMENT","382462","FOR_SALE","2","117","","None","False","True","14","","","","2","False","","510.625","AGENCY","FLANDERS","Flanders","Flemish Brabant","RESIDENTIAL"
"12/15","https://www.immoweb.be/en/classified/apartment/for-sale/vilvoorde/1800/10870255","10870255","Vilvoorde","1800","APARTMENT","APARTMENT","387993","FOR_SALE","2","117","","None","False","True","14","","","","2","False","","510.625","AGENCY","FLANDERS","Flanders","Flemish Brabant","RESIDENTIAL"
"12/16","https://www.immoweb.be/en/classified/apartment/for-sale/vilvoorde/1800/10870258","10870258","Vilvoorde","1800","APARTMENT","APARTMENT","394586","FOR_SALE","2","117","","None","False","True","14","","","","2","False","","510.625","AGENCY","FLANDERS","Flanders","Flemish Brabant","RESIDENTIAL"
"12/17","https://www.immoweb.be/en/classified/apartment/for-sale/vilvoorde/1800/10870266","10870266","Vilvoorde","1800","APARTMENT","APARTMENT","395778","FOR_SALE","2","117","","None","False","True","14","","","","2","False","","510.625","AGENCY","FLANDERS","Flanders","Flemish Brabant","RESIDENTIAL"
"12/18","https://www.immoweb.be/en/classified/apartment/for-sale/vilvoorde/1800/10870251","10870251","Vilvoorde","1800","APARTMENT","APARTMENT","397296","FOR_SALE","2","119","","None","False","True","12","","","","2","False","","510.625","AGENCY","FLANDERS","Flanders","Flemish Brabant","RESIDENTIAL"
"12/19","https://www.immoweb.be/en/classified/penthouse/for-sale/vilvoorde/1800/10870261","10870261","Vilvoorde","1800","APARTMENT","PENTHOUSE","402593","FOR_SALE","2","117","","None","False","True","14","","","","2","False","","510.625","AGENCY","FLANDERS","Flanders","Flemish Brabant","RESIDENTIAL"
"12/20","https://www.immoweb.be/en/classified/penthouse/for-sale/vilvoorde/1800/10870257","10870257","Vilvoorde","1800","APARTMENT","PENTHOUSE","402756","FOR_SALE","2","119","","None","False","True","12","","","","2","False","","510.625","AGENCY","FLANDERS","Flanders","Flemish Brabant","RESIDENTIAL"
"12/21","https://www.immoweb.be/en/classified/apartment/for-sale/vilvoorde/1800/10870250","10870250","Vilvoorde","1800","APARTMENT","APARTMENT","421280","FOR_SALE","2","119","","None","False","True","12","","","","2","False","","510.625","AGENCY","FLANDERS","Flanders","Flemish Brabant","RESIDENTIAL"
"12/22","https://www.immoweb.be/en/classified/apartment/for-sale/vilvoorde/1800/10870269","10870269","Vilvoorde","1800","APARTMENT","APARTMENT","421457","FOR_SALE","2","119","","None","False","True","28","","","","2","False","","510.625","AGENCY","FLANDERS","Flanders","Flemish Brabant","RESIDENTIAL"
"12/23","https://www.immoweb.be/en/classified/apartment/for-sale/vilvoorde/1800/10870254","10870254","Vilvoorde","1800","APARTMENT","APARTMENT","459912","FOR_SALE","3","142","","None","False","True","15","","","","2","False","","510.625","AGENCY","FLANDERS","Flanders","Flemish Brabant","RESIDENTIAL"
"12/24","https://www.immoweb.be/en/classified/apartment/for-sale/vilvoorde/1800/10870267","10870267","Vilvoorde","1800","APARTMENT","APARTMENT","460131","FOR_SALE","3","143","","None","False","True","16","","","","2","False","","510.625","AGENCY","FLANDERS","Flanders","Flemish Brabant","RESIDENTIAL"
"13/1","https://www.immoweb.be/en/classified/flat-studio/for-sale/bruxelles/1000/10869607","10869607","Bruxelles","1000","APARTMENT","FLAT_STUDIO","395000","FOR_SALE","0","48","","False","False","True","32","","","","2","","","510.145","REAL_ESTATE_AGENCY","BRUSSELS","Brussels","Brussels",""
"13/2","https://www.immoweb.be/en/classified/flat-studio/for-sale/bruxelles/1000/10869599","10869599","Bruxelles","1000","APARTMENT","FLAT_STUDIO","408000","FOR_SALE","0","56","USA_HYPER_EQUIPPED","False","False","True","11","","","","2","False","","510.145","REAL_ESTATE_AGENCY","BRUSSELS","Brussels","Brussels",""
"13/3","https://www.immoweb.be/en/classified/flat-studio/for-sale/bruxelles/1000/10869600","10869600","Bruxelles","1000","APARTMENT","FLAT_STUDIO","413000","FOR_SALE","0","56","USA_HYPER_EQUIPPED","False","False","True","11","","","","2","False","","510.145","REAL_ESTATE_AGENCY","BRUSSELS","Brussels","Brussels",""
"13/4","https://www.immoweb.be/en/classified/flat-studio/for-sale/bruxelles/1000/10869604","10869604","Bruxelles","1000","APARTMENT","FLAT_STUDIO","418000","FOR_SALE","0","56","USA_HYPER_EQUIPPED","False","False","True","11","","","","2","False","","510.145","REAL_ESTATE_AGENCY","BRUSSELS","Brussels","Brussels",""
"13/5","https://www.immoweb.be/en/classified/flat-studio/for-sale/bruxelles/1000/10869583","10869583","Bruxelles","1000","APARTMENT","FLAT_STUDIO","423000","FOR_SALE","0","56","USA_HYPER_EQUIPPED","False","False","True","11","","","","2","False","","510.145","REAL_ESTATE_AGENCY","BRUSSELS","Brussels","Brussels",""
"13/6","https://www.immoweb.be/en/classified/flat-studio/for-sale/bruxelles/1000/10869593","10869593","Bruxelles","1000","APARTMENT","FLAT_STUDIO","428000","FOR_SALE","0","56","USA_HYPER_EQUIPPED","False","False","True","11","","","","2","False","","510.145","REAL_ESTATE_AGENCY","BRUSSELS","Brussels","Brussels",""
"13/7","https://www.immoweb.be/en/classified/apartment/for-sale/bruxelles/1000/10869598","10869598","Bruxelles","1000","APARTMENT","APARTMENT","765000","FOR_SALE","2","119","USA_HYPER_EQUIPPED","False","False","True","13","","","","2","","AS_NEW","510.145","REAL_ESTATE_AGENCY","BRUSSELS","Brussels","Brussels",""
"13/8","https://www.immoweb.be/en/classified/ground-floor/for-sale/bruxelles/1000/10869605","10869605","Bruxelles","1000","APARTMENT","GROUND_FLOOR","785000","FOR_SALE","2","131","USA_HYPER_EQUIPPED","False","False","True","22","True","21","","2","","","510.145","REAL_ESTATE_AGENCY","BRUSSELS","Brussels","Brussels",""
"13/9","https://www.immoweb.be/en/classified/apartment/for-sale/bruxelles/1000/10869603","10869603","Bruxelles","1000","APARTMENT","APARTMENT","800000","FOR_SALE","2","119","USA_HYPER_EQUIPPED","False","False","True","13","","","","2","","AS_NEW","510.145","REAL_ESTATE_AGENCY","BRUSSELS","Brussels","Brussels",""
"13/10","https://www.immoweb.be/en/classified/apartment/for-sale/bruxelles/1000/10869596","10869596","Bruxelles","1000","APARTMENT","APARTMENT","816000","FOR_SALE","2","134","USA_HYPER_EQUIPPED","False","False","True","10","","","","2","","AS_NEW","510.145","REAL_ESTATE_AGENCY","BRUSSELS","Brussels","Brussels",""
"13/11","https://www.immoweb.be/en/classified/apartment/for-sale/bruxelles/1000/10869597","10869597","Bruxelles","1000","APARTMENT","APARTMENT","831000","FOR_SALE","2","134","USA_HYPER_EQUIPPED","False","False","True","10","","","","2","","AS_NEW","510.145","REAL_ESTATE_AGENCY","BRUSSELS","Brussels","Brussels",""
"13/12","https://www.immoweb.be/en/classified/apartment/for-sale/bruxelles/1000/10869595","10869595","Bruxelles","1000","APARTMENT","APARTMENT","1410000","FOR_SALE","3","184","USA_HYPER_EQUIPPED","False","False","True","23","","","","2","","AS_NEW","510.145","REAL_ESTATE_AGENCY","BRUSSELS","Brussels","Brussels",""
"13/13","https://www.immoweb.be/en/classified/apartment/for-sale/bruxelles/1000/10869611","10869611","Bruxelles","1000","APARTMENT","APARTMENT","1445000","FOR_SALE","3","177","USA_HYPER_EQUIPPED","False","False","True","30","","","","2","","AS_NEW","510.145","REAL_ESTATE_AGENCY","BRUSSELS","Brussels","Brussels",""
"13/14","https://www.immoweb.be/en/classified/apartment/for-sale/bruxelles/1000/10869594","10869594","Bruxelles","1000","APARTMENT","APARTMENT","1450000","FOR_SALE","3","199","USA_HYPER_EQUIPPED","False","False","True","20","","","","2","","AS_NEW","510.145","REAL_ESTATE_AGENCY","BRUSSELS","Brussels","Brussels",""
"13/15","https://www.immoweb.be/en/classified/apartment/for-sale/bruxelles/1000/10869608","10869608","Bruxelles","1000","APARTMENT","APARTMENT","1485000","FOR_SALE","3","192","USA_HYPER_EQUIPPED","False","False","True","26","","","","2","","AS_NEW","510.145","REAL_ESTATE_AGENCY","BRUSSELS","Brussels","Brussels",""
"14/1","https://www.immoweb.be/en/classified/flat-studio/for-sale/ixelles/1050/10869620","10869620","Ixelles","1050","APARTMENT","FLAT_STUDIO","395000","FOR_SALE","0","48","","False","False","True","32","","","","2","","","510.145","REAL_ESTATE_AGENCY","BRUSSELS","Brussels","Brussels",""
"14/2","https://www.immoweb.be/en/classified/flat-studio/for-sale/ixelles/1050/10869630","10869630","Ixelles","1050","APARTMENT","FLAT_STUDIO","408000","FOR_SALE","0","56","USA_HYPER_EQUIPPED","False","False","True","11","","","","2","False","","510.145","REAL_ESTATE_AGENCY","BRUSSELS","Brussels","Brussels",""
"14/3","https://www.immoweb.be/en/classified/flat-studio/for-sale/ixelles/1050/10869626","10869626","Ixelles","1050","APARTMENT","FLAT_STUDIO","413000","FOR_SALE","0","56","USA_HYPER_EQUIPPED","False","False","True","11","","","","2","False","","510.145","REAL_ESTATE_AGENCY","BRUSSELS","Brussels","Brussels",""
"14/4","https://www.immoweb.be/en/classified/flat-studio/for-sale/ixelles/1050/10869636","10869636","Ixelles","1050","APARTMENT","FLAT_STUDIO","418000","FOR_SALE","0","56","USA_HYPER_EQUIPPED","False","False","True","11","","","","2","False","","510.145","REAL_ESTATE_AGENCY","BRUSSELS","Brussels","Brussels",""
"14/5","https://www.immoweb.be/en/classified/flat-studio/for-sale/ixelles/1050/10869637","10869637","Ixelles","1050","APARTMENT","FLAT_STUDIO","423000","FOR_SALE","0","56","USA_HYPER_EQUIPPED","False","False","True","11","","","","2","False","","510.145","REAL_ESTATE_AGENCY","BRUSSELS","Brussels","Brussels",""
"14/6","https://www.immoweb.be/en/classified/flat-studio/for-sale/ixelles/1050/10869638","10869638","Ixelles","1050","APARTMENT","FLAT_STUDIO","428000","FOR_SALE","0","56","USA_HYPER_EQUIPPED","False","False","True","11","","","","2","False","","510.145","REAL_ESTATE_AGENCY","BRUSSELS","Brussels","Brussels",""
"14/7","https://www.immoweb.be/en/classified/apartment/for-sale/ixelles/1050/10869629","10869629","Ixelles","1050","APARTMENT","APARTMENT","765000","FOR_SALE","2","119","USA_HYPER_EQUIPPED","False","False","True","13","","","","2","","AS_NEW","510.145","REAL_ESTATE_AGENCY","BRUSSELS","Brussels","Brussels",""
"14/8","https://www.immoweb.be/en/classified/ground-floor/for-sale/ixelles/1050/10869617","10869617","Ixelles","1050","APARTMENT","GROUND_FLOOR","785000","FOR_SALE","2","131","USA_HYPER_EQUIPPED","False","False","True","22","True","21","","2","","","510.145","REAL_ESTATE_AGENCY","BRUSSELS","Brussels","Brussels",""
"14/9","https://www.immoweb.be/en/classified/apartment/for-sale/ixelles/1050/10869631","10869631","Ixelles","1050","APARTMENT","APARTMENT","800000","FOR_SALE","2","119","USA_HYPER_EQUIPPED","False","False","True","13","","","","2","","AS_NEW","510.145","REAL_ESTATE_AGENCY","BRUSSELS","Brussels","Brussels",""
"14/10","https://www.immoweb.be/en/classified/apartment/for-sale/ixelles/1050/10869628","10869628","Ixelles","1050","APARTMENT","APARTMENT","816000","FOR_SALE","2","134","USA_HYPER_EQUIPPED","False","False","True","10","","","","2","","AS_NEW","510.145","REAL_ESTATE_AGENCY","BRUSSELS","Brussels","Brussels",""
"14/11","https://www.immoweb.be/en/classified/apartment/for-sale/ixelles/1050/10869627","10869627","Ixelles","1050","APARTMENT","APARTMENT","831000","FOR_SALE","2","134","USA_HYPER_EQUIPPED","False","False","True","10","","","","2","","AS_NEW","510.145","REAL_ESTATE_AGENCY","BRUSSELS","Brussels","Brussels",""
"14/12","https://www.immoweb.be/en/classified/apartment/for-sale/ixelles/1050/10869625","10869625","Ixelles","1050","APARTMENT","APARTMENT","1410000","FOR_SALE","3","184","USA_HYPER_EQUIPPED","False","False","True","23","","","","2","","AS_NEW","510.145","REAL_ESTATE_AGENCY","BRUSSELS","Brussels","Brussels",""
"14/13","https://www.immoweb.be/en/classified/apartment/for-sale/ixelles/1050/10869632","10869632","Ixelles","1050","APARTMENT","APARTMENT","1445000","FOR_SALE","3","177","USA_HYPER_EQUIPPED","False","False","True","30","","","","2","","AS_NEW","510.145","REAL_ESTATE_AGENCY","BRUSSELS","Brussels","Brussels",""
"14/14","https://www.immoweb.be/en/classified/apartment/for-sale/ixelles/1050/10869624","10869624","Ixelles","1050","APARTMENT","APARTMENT","1450000","FOR_SALE","3","199","USA_HYPER_EQUIPPED","False","False","True","20","","","","2","","AS_NEW","510.145","REAL_ESTATE_AGENCY","BRUSSELS","Brussels","Brussels",""
"14/15","https://www.immoweb.be/en/classified/apartment/for-sale/ixelles/1050/10869616","10869616","Ixelles","1050","APARTMENT","APARTMENT","1485000","FOR_SALE","3","192","USA_HYPER_EQUIPPED","False","False","True","26","","","","2","","AS_NEW","510.145","REAL_ESTATE_AGENCY","BRUSSELS","Brussels","Brussels",""
"15/1","https://www.immoweb.be/en/classified/apartment/for-sale/uccle/1180/10869650","10869650","Uccle","1180","APARTMENT","APARTMENT","395000","FOR_SALE","1","57","USA_HYPER_EQUIPPED","False","False","True","10","","","33","3","False","","510.145","REAL_ESTATE_AGENCY","BRUSSELS","Brussels","Brussels",""
"15/2","https://www.immoweb.be/en/classified/apartment/for-sale/uccle/1180/10869659","10869659","Uccle","1180","APARTMENT","APARTMENT","405000","FOR_SALE","1","57","USA_HYPER_EQUIPPED","False","False","True","10","","","33","3","False","","510.145","REAL_ESTATE_AGENCY","BRUSSELS","Brussels","Brussels",""
"15/3","https://www.immoweb.be/en/classified/apartment/for-sale/uccle/1180/10869660","10869660","Uccle","1180","APARTMENT","APARTMENT","420000","FOR_SALE","1","57","USA_HYPER_EQUIPPED","False","False","True","10","","","33","3","False","","510.145","REAL_ESTATE_AGENCY","BRUSSELS","Brussels","Brussels",""
"15/4","https://www.immoweb.be/en/classified/apartment/for-sale/uccle/1180/10869653","10869653","Uccle","1180","APARTMENT","APARTMENT","430000","FOR_SALE","1","58","USA_HYPER_EQUIPPED","False","False","True","6","","","33","3","False","","510.145","REAL_ESTATE_AGENCY","BRUSSELS","Brussels","Brussels",""
"15/5","https://www.immoweb.be/en/classified/apartment/for-sale/uccle/1180/10869651","10869651","Uccle","1180","APARTMENT","APARTMENT","440000","FOR_SALE","1","69","USA_HYPER_EQUIPPED","False","False","True","5","","","33","3","False","","510.145","REAL_ESTATE_AGENCY","BRUSSELS","Brussels","Brussels",""
"15/6","https://www.immoweb.be/en/classified/apartment/for-sale/uccle/1180/10869661","10869661","Uccle","1180","APARTMENT","APARTMENT","460000","FOR_SALE","1","69","USA_HYPER_EQUIPPED","False","False","True","5","","","33","3","False","","510.145","REAL_ESTATE_AGENCY","BRUSSELS","Brussels","Brussels",""
"15/7","https://www.immoweb.be/en/classified/apartment/for-sale/uccle/1180/10869649","10869649","Uccle","1180","APARTMENT","APARTMENT","470000","FOR_SALE","1","56","USA_HYPER_EQUIPPED","False","False","True","19","","","33","3","False","","510.145","REAL_ESTATE_AGENCY","BRUSSELS","Brussels","Brussels",""
"15/8","https://www.immoweb.be/en/classified/apartment/for-sale/uccle/1180/10869644","10869644","Uccle","1180","APARTMENT","APARTMENT","520000","FOR_SALE","2","85","USA_HYPER_EQUIPPED","False","False","True","11","","","33","3","False","","510.145","REAL_ESTATE_AGENCY","BRUSSELS","Brussels","Brussels",""
"15/9","https://www.immoweb.be/en/classified/apartment/for-sale/uccle/1180/10869654","10869654","Uccle","1180","APARTMENT","APARTMENT","540000","FOR_SALE","2","85","USA_HYPER_EQUIPPED","False","False","True","11","","","33","3","False","","510.145","REAL_ESTATE_AGENCY","BRUSSELS","Brussels","Brussels",""
"15/10","https://www.immoweb.be/en/classified/apartment/for-sale/uccle/1180/10869648","10869648","Uccle","1180","APARTMENT","APARTMENT","560000","FOR_SALE","1","75","USA_HYPER_EQUIPPED","False","False","True","29","","","33","3","False","","510.145","REAL_ESTATE_AGENCY","BRUSSELS","Brussels","Brussels",""
"15/11","https://www.immoweb.be/en/classified/apartment/for-sale/uccle/1180/10869656","10869656","Uccle","1180","APARTMENT","APARTMENT","565000","FOR_SALE","2","85","USA_HYPER_EQUIPPED","False","False","True","11","","","33","3","False","","510.145","REAL_ESTATE_AGENCY","BRUSSELS","Brussels","Brussels",""
"15/12","https://www.immoweb.be/en/classified/apartment/for-sale/uccle/1180/10869643","10869643","Uccle","1180","APARTMENT","APARTMENT","610000","FOR_SALE","2","100","USA_HYPER_EQUIPPED","False","False","True","18","","","33","3","False","","510.145","REAL_ESTATE_AGENCY","BRUSSELS","Brussels","Brussels",""
"15/13","https://www.immoweb.be/en/classified/apartment/for-sale/uccle/1180/10869645","10869645","Uccle","1180","APARTMENT","APARTMENT","630000","FOR_SALE","2","100","USA_HYPER_EQUIPPED","False","False","True","18","","","33","3","False","","510.145","REAL_ESTATE_AGENCY","BRUSSELS","Brussels","Brussels",""
"15/14","https://www.immoweb.be/en/classified/apartment/for-sale/uccle/1180/10869655","10869655","Uccle","1180","APARTMENT","APARTMENT","655000","FOR_SALE","2","100","USA_HYPER_EQUIPPED","False","False","True","18","","","33","3","False","","510.145","REAL_ESTATE_AGENCY","BRUSSELS","Brussels","Brussels",""
"15/15","https://www.immoweb.be/en/classified/apartment/for-sale/uccle/1180/10869652","10869652","Uccle","1180","APARTMENT","APARTMENT","685000","FOR_SALE","2","114","USA_HYPER_EQUIPPED","False","False","True","5","","","33","3","False","","510.145","REAL_ESTATE_AGENCY","BRUSSELS","Brussels","Brussels",""
"15/16","https://www.immoweb.be/en/classified/apartment/for-sale/uccle/1180/10869642","10869642","Uccle","1180","APARTMENT","APARTMENT","720000","FOR_SALE","1","152","","False","False","None","","","","33","3","False","","510.145","REAL_ESTATE_AGENCY","BRUSSELS","Brussels","Brussels",""
"15/17","https://www.immoweb.be/en/classified/apartment/for-sale/uccle/1180/10869646","10869646","Uccle","1180","APARTMENT","APARTMENT","760000","FOR_SALE","3","129","USA_HYPER_EQUIPPED","False","False","True","11","","","","3","False","","510.145","REAL_ESTATE_AGENCY","BRUSSELS","Brussels","Brussels",""
"15/18","https://www.immoweb.be/en/classified/apartment/for-sale/uccle/1180/10869657","10869657","Uccle","1180","APARTMENT","APARTMENT","785000","FOR_SALE","3","129","USA_HYPER_EQUIPPED","False","False","True","11","","","","3","False","","510.145","REAL_ESTATE_AGENCY","BRUSSELS","Brussels","Brussels",""
"15/19","https://www.immoweb.be/en/classified/apartment/for-sale/uccle/1180/10869658","10869658","Uccle","1180","APARTMENT","APARTMENT","810000","FOR_SALE","3","129","USA_HYPER_EQUIPPED","False","False","True","11","","","","3","False","","510.145","REAL_ESTATE_AGENCY","BRUSSELS","Brussels","Brussels",""
"15/20","https://www.immoweb.be/en/classified/apartment/for-sale/uccle/1180/10869641","10869641","Uccle","1180","APARTMENT","APARTMENT","830000","FOR_SALE","1","189","","False","False","None","","","","33","3","False","","510.145","REAL_ESTATE_AGENCY","BRUSSELS","Brussels","Brussels",""
"15/21","https://www.immoweb.be/en/classified/apartment/for-sale/uccle/1180/10869647","10869647","Uccle","1180","APARTMENT","APARTMENT","860000","FOR_SALE","3","129","USA_HYPER_EQUIPPED","False","False","True","11","","","33","3","False","","510.145","REAL_ESTATE_AGENCY","BRUSSELS","Brussels","Brussels",""
"15/22","https://www.immoweb.be/en/classified/penthouse/for-sale/uccle/1180/10869662","10869662","Uccle","1180","APARTMENT","PENTHOUSE","1030000","FOR_SALE","3","137","USA_HYPER_EQUIPPED","False","False","True","45","","","","2","False","","510.145","REAL_ESTATE_AGENCY","BRUSSELS","Brussels","Brussels",""
"18/1","https://www.immoweb.be/en/classified/apartment/for-sale/uccle/1180/10869666","10869666","Uccle","1180","APARTMENT","APARTMENT","1245000","FOR_SALE","3","163","USA_HYPER_EQUIPPED","False","False","True","28","","","","2","False","AS_NEW","510.145","REAL_ESTATE_AGENCY","BRUSSELS","Brussels","Brussels",""
"18/2","https://www.immoweb.be/en/classified/apartment/for-sale/uccle/1180/10869667","10869667","Uccle","1180","APARTMENT","APARTMENT","1275000","FOR_SALE","3","163","USA_HYPER_EQUIPPED","False","False","True","28","","","","2","","AS_NEW","510.145","REAL_ESTATE_AGENCY","BRUSSELS","Brussels","Brussels",""
"18/3","https://www.immoweb.be/en/classified/apartment/for-sale/uccle/1180/10869668","10869668","Uccle","1180","APARTMENT","APARTMENT","1295000","FOR_SALE","3","163","USA_HYPER_EQUIPPED","False","False","True","28","","","","2","","AS_NEW","510.145","REAL_ESTATE_AGENCY","BRUSSELS","Brussels","Brussels",""
"23/1","https://www.immoweb.be/en/classified/offices/for-sale/gavere/9890/10868219","10868219","Gavere","9890","OFFICE","OFFICES","154325","FOR_SALE","","79","","None","False","None","","","","","","","GOOD","204633","AGENCY","FLANDERS","Flanders","East Flanders","FITTED_OUT"
"23/2","https://www.immoweb.be/en/classified/apartment/for-sale/gavere/9890/10868208","10868208","Gavere","9890","APARTMENT","APARTMENT","268700","FOR_SALE","1","76","","None","False","True","9","","","","","","GOOD","204633","AGENCY","FLANDERS","Flanders","East Flanders","FITTED_OUT"
"23/3","https://www.immoweb.be/en/classified/apartment/for-sale/gavere/9890/10868197","10868197","Gavere","9890","APARTMENT","APARTMENT","268700","FOR_SALE","1","76","","None","False","True","10","","","","","","GOOD","204633","AGENCY","FLANDERS","Flanders","East Flanders","FITTED_OUT"
"23/4","https://www.immoweb.be/en/classified/apartment/for-sale/gavere/9890/10868199","10868199","Gavere","9890","APARTMENT","APARTMENT","269700","FOR_SALE","1","76","","None","False","True","10","","","","","","GOOD","204633","AGENCY","FLANDERS","Flanders","East Flanders","FITTED_OUT"
"23/5","https://www.immoweb.be/en/classified/apartment/for-sale/gavere/9890/10868202","10868202","Gavere","9890","APARTMENT","APARTMENT","275450","FOR_SALE","1","76","","None","False","True","10","","","","","","GOOD","204633","AGENCY","FLANDERS","Flanders","East Flanders","FITTED_OUT"
"23/6","https://www.immoweb.be/en/classified/apartment/for-sale/gavere/9890/10868191","10868191","Gavere","9890","APARTMENT","APARTMENT","276075","FOR_SALE","1","86","","None","False","True","11","","","","","","GOOD","204633","AGENCY","FLANDERS","Flanders","East Flanders","FITTED_OUT"
"23/7","https://www.immoweb.be/en/classified/apartment/for-sale/gavere/9890/10868203","10868203","Gavere","9890","APARTMENT","APARTMENT","279200","FOR_SALE","1","76","","None","False","True","10","","","","","","GOOD","204633","AGENCY","FLANDERS","Flanders","East Flanders","FITTED_OUT"
"23/8","https://www.immoweb.be/en/classified/apartment/for-sale/gavere/9890/10868188","10868188","Gavere","9890","APARTMENT","APARTMENT","285325","FOR_SALE","1","85","","None","False","True","10","","","","","","GOOD","204633","AGENCY","FLANDERS","Flanders","East Flanders","FITTED_OUT"
"23/9","https://www.immoweb.be/en/classified/apartment/for-sale/gavere/9890/10868222","10868222","Gavere","9890","APARTMENT","APARTMENT","308325","FOR_SALE","2","95","","None","False","True","11","","","","","","GOOD","204633","AGENCY","FLANDERS","Flanders","East Flanders","FITTED_OUT"
"23/10","https://www.immoweb.be/en/classified/apartment/for-sale/gavere/9890/10868213","10868213","Gavere","9890","APARTMENT","APARTMENT","324200","FOR_SALE","2","97","","None","False","True","9","","","","","","GOOD","204633","AGENCY","FLANDERS","Flanders","East Flanders","FITTED_OUT"
"23/11","https://www.immoweb.be/en/classified/apartment/for-sale/gavere/9890/10868215","10868215","Gavere","9890","APARTMENT","APARTMENT","335700","FOR_SALE","2","97","","None","False","True","9","","","","","","GOOD","204633","AGENCY","FLANDERS","Flanders","East Flanders","FITTED_OUT"
"23/12","https://www.immoweb.be/en/classified/apartment/for-sale/gavere/9890/10868200","10868200","Gavere","9890","APARTMENT","APARTMENT","347510","FOR_SALE","2","111","","None","False","True","8","","","","","","GOOD","204633","AGENCY","FLANDERS","Flanders","East Flanders","FITTED_OUT"
"23/13","https://www.immoweb.be/en/classified/apartment/for-sale/gavere/9890/10868206","10868206","Gavere","9890","APARTMENT","APARTMENT","365325","FOR_SALE","3","113","","None","False","True","10","","","","","","GOOD","204633","AGENCY","FLANDERS","Flanders","East Flanders","FITTED_OUT"
"23/14","https://www.immoweb.be/en/classified/apartment/for-sale/gavere/9890/10868210","10868210","Gavere","9890","APARTMENT","APARTMENT","368500","FOR_SALE","3","111","","None","False","True","9","","","","","","GOOD","204633","AGENCY","FLANDERS","Flanders","East Flanders","FITTED_OUT"
"23/15","https://www.immoweb.be/en/classified/apartment/for-sale/gavere/9890/10868212","10868212","Gavere","9890","APARTMENT","APARTMENT","368500","FOR_SALE","3","112","","None","False","True","9","","","","","","GOOD","204633","AGENCY","FLANDERS","Flanders","East Flanders","FITTED_OUT"
"23/16","https://www.immoweb.be/en/classified/apartment/for-sale/gavere/9890/10868207","10868207","Gavere","9890","APARTMENT","APARTMENT","373650","FOR_SALE","3","126","","None","False","True","11","","","","","","GOOD","204633","AGENCY","FLANDERS","Flanders","East Flanders","FITTED_OUT"
"23/17","https://www.immoweb.be/en/classified/apartment/for-sale/gavere/9890/10868204","10868204","Gavere","9890","APARTMENT","APARTMENT","377150","FOR_SALE","3","126","","None","False","True","11","","","","","","GOOD","204633","AGENCY","FLANDERS","Flanders","East Flanders","FITTED_OUT"
"23/18","https://www.immoweb.be/en/classified/penthouse/for-sale/gavere/9890/10868205","10868205","Gavere","9890","APARTMENT","PENTHOUSE","419760","FOR_SALE","3","165","","None","False","True","10","","","","","","GOOD","204633","AGENCY","FLANDERS","Flanders","East Flanders","FITTED_OUT"
"23/19","https://www.immoweb.be/en/classified/duplex/for-sale/gavere/9890/10868195","10868195","Gavere","9890","APARTMENT","DUPLEX","435275","FOR_SALE","3","146","","None","False","True","11","","","","","","GOOD","204633","AGENCY","FLANDERS","Flanders","East Flanders","FITTED_OUT"
"23/20","https://www.immoweb.be/en/classified/duplex/for-sale/gavere/9890/10868192","10868192","Gavere","9890","APARTMENT","DUPLEX","438775","FOR_SALE","3","148","","None","False","True","11","","","","","","GOOD","204633","AGENCY","FLANDERS","Flanders","East Flanders","FITTED_OUT"
"24/1","https://www.immoweb.be/en/classified/ground-floor/for-sale/herentals/2200/10866755","10866755","Herentals","2200","APARTMENT","GROUND_FLOOR","205000","FOR_SALE","1","58","INSTALLED","None","True","True","13","","","","2","","","502895","AGENCY","FLANDERS","Flanders","Antwerp","URBAN"
"24/2","https://www.immoweb.be/en/classified/ground-floor/for-sale/herentals/2200/10866756","10866756","Herentals","2200","APARTMENT","GROUND_FLOOR","205000","FOR_SALE","1","60","INSTALLED","None","True","True","6","","","","2","","","502895","AGENCY","FLANDERS","Flanders","Antwerp","URBAN"
"24/3","https://www.immoweb.be/en/classified/apartment/for-sale/herentals/2200/10866761","10866761","Herentals","2200","APARTMENT","APARTMENT","245000","FOR_SALE","1","67","INSTALLED","None","True","True","8","True","","","2","","","502895","AGENCY","FLANDERS","Flanders","Antwerp","URBAN"
"24/4","https://www.immoweb.be/en/classified/ground-floor/for-sale/herentals/2200/10866763","10866763","Herentals","2200","APARTMENT","GROUND_FLOOR","260000","FOR_SALE","1","84","INSTALLED","None","True","True","10","True","11","","2","","","502895","AGENCY","FLANDERS","Flanders","Antwerp","URBAN"
"24/5","https://www.immoweb.be/en/classified/apartment/for-sale/herentals/2200/10866758","10866758","Herentals","2200","APARTMENT","APARTMENT","270000","FOR_SALE","1","84","INSTALLED","None","True","True","10","True","","","2","","","502895","AGENCY","FLANDERS","Flanders","Antwerp","URBAN"
"24/6","https://www.immoweb.be/en/classified/apartment/for-sale/herentals/2200/10866759","10866759","Herentals","2200","APARTMENT","APARTMENT","275000","FOR_SALE","1","84","INSTALLED","None","True","True","10","True","","","2","","","502895","AGENCY","FLANDERS","Flanders","Antwerp","URBAN"
"24/7","https://www.immoweb.be/en/classified/apartment/for-sale/herentals/2200/10866757","10866757","Herentals","2200","APARTMENT","APARTMENT","305000","FOR_SALE","2","106","INSTALLED","None","True","True","14","True","","","2","","","502895","AGENCY","FLANDERS","Flanders","Antwerp","URBAN"
"24/8","https://www.immoweb.be/en/classified/apartment/for-sale/herentals/2200/10866760","10866760","Herentals","2200","APARTMENT","APARTMENT","330000","FOR_SALE","2","100","INSTALLED","None","True","True","8","True","","","2","","","502895","AGENCY","FLANDERS","Flanders","Antwerp","URBAN"
"24/9","https://www.immoweb.be/en/classified/penthouse/for-sale/herentals/2200/10866762","10866762","Herentals","2200","APARTMENT","PENTHOUSE","460000","FOR_SALE","3","128","INSTALLED","None","True","True","28","True","","","2","","","502895","AGENCY","FLANDERS","Flanders","Antwerp","URBAN"
"26/1","https://www.immoweb.be/en/classified/apartment/for-sale/wetteren/9230/10868506","10868506","Wetteren","9230","APARTMENT","APARTMENT","260000","FOR_SALE","1","87","","None","False","True","31","True","","","","False","","505.931","AGENCY","FLANDERS","Flanders","East Flanders",""
"26/2","https://www.immoweb.be/en/classified/apartment/for-sale/wetteren/9230/10868505","10868505","Wetteren","9230","APARTMENT","APARTMENT","265000","FOR_SALE","1","88","","None","False","True","33","True","","","","False","","505.931","AGENCY","FLANDERS","Flanders","East Flanders",""
"26/3","https://www.immoweb.be/en/classified/apartment/for-sale/wetteren/9230/10868497","10868497","Wetteren","9230","APARTMENT","APARTMENT","300000","FOR_SALE","1","89","","None","False","True","30","True","60","","","False","","505.931","AGENCY","FLANDERS","Flanders","East Flanders",""
"26/4","https://www.immoweb.be/en/classified/apartment/for-sale/wetteren/9230/10868496","10868496","Wetteren","9230","APARTMENT","APARTMENT","315000","FOR_SALE","1","99","","None","False","True","17","True","62","","","False","","505.931","AGENCY","FLANDERS","Flanders","East Flanders",""
"26/5","https://www.immoweb.be/en/classified/apartment/for-sale/wetteren/9230/10868503","10868503","Wetteren","9230","APARTMENT","APARTMENT","330000","FOR_SALE","2","103","","None","False","True","13","True","","","","False","","505.931","AGENCY","FLANDERS","Flanders","East Flanders",""
"26/6","https://www.immoweb.be/en/classified/apartment/for-sale/wetteren/9230/10868504","10868504","Wetteren","9230","APARTMENT","APARTMENT","330000","FOR_SALE","2","103","","None","False","True","13","True","","","","False","","505.931","AGENCY","FLANDERS","Flanders","East Flanders",""
"26/7","https://www.immoweb.be/en/classified/apartment/for-sale/wetteren/9230/10868492","10868492","Wetteren","9230","APARTMENT","APARTMENT","335000","FOR_SALE","1","91","","None","False","True","26","True","","","","False","","505.931","AGENCY","FLANDERS","Flanders","East Flanders",""
"26/8","https://www.immoweb.be/en/classified/apartment/for-sale/wetteren/9230/10868498","10868498","Wetteren","9230","APARTMENT","APARTMENT","335000","FOR_SALE","2","","","None","False","True","13","True","","","","False","","505.931","AGENCY","FLANDERS","Flanders","East Flanders",""
"26/9","https://www.immoweb.be/en/classified/apartment/for-sale/wetteren/9230/10868502","10868502","Wetteren","9230","APARTMENT","APARTMENT","340000","FOR_SALE","2","105","","None","False","True","13","True","","","","False","","505.931","AGENCY","FLANDERS","Flanders","East Flanders",""
"26/10","https://www.immoweb.be/en/classified/apartment/for-sale/wetteren/9230/10868495","10868495","Wetteren","9230","APARTMENT","APARTMENT","365000","FOR_SALE","2","105","","None","False","True","16","True","","","","False","","505.931","AGENCY","FLANDERS","Flanders","East Flanders",""
"26/11","https://www.immoweb.be/en/classified/apartment/for-sale/wetteren/9230/10868491","10868491","Wetteren","9230","APARTMENT","APARTMENT","370000","FOR_SALE","2","103","","None","False","True","13","True","","","","False","","505.931","AGENCY","FLANDERS","Flanders","East Flanders",""
"26/12","https://www.immoweb.be/en/classified/apartment/for-sale/wetteren/9230/10868494","10868494","Wetteren","9230","APARTMENT","APARTMENT","385000","FOR_SALE","2","110","","None","False","True","14","True","","","","False","","505.931","AGENCY","FLANDERS","Flanders","East Flanders",""
"26/13","https://www.immoweb.be/en/classified/apartment/for-sale/wetteren/9230/10868493","10868493","Wetteren","9230","APARTMENT","APARTMENT","410000","FOR_SALE","3","115","","None","False","True","12","True","","","","False","","505.931","AGENCY","FLANDERS","Flanders","East Flanders",""
"26/14","https://www.immoweb.be/en/classified/apartment/for-sale/wetteren/9230/10868499","10868499","Wetteren","9230","APARTMENT","APARTMENT","420000","FOR_SALE","3","134","","None","False","True","16","True","","","","False","","505.931","AGENCY","FLANDERS","Flanders","East Flanders",""
"27/1","https://www.immoweb.be/en/classified/ground-floor/for-sale/asse/1730/10866335","10866335","Asse","1730","APARTMENT","GROUND_FLOOR","279000","FOR_SALE","1","77","USA_HYPER_EQUIPPED","False","False","True","22","True","16","","2","","AS_NEW","500.390","AGENCY","FLANDERS","Flanders","Flemish Brabant",""
"27/2","https://www.immoweb.be/en/classified/apartment/for-sale/asse/1730/10866346","10866346","Asse","1730","APARTMENT","APARTMENT","309000","FOR_SALE","2","86","","None","False","True","13","","","","2","","AS_NEW","500.390","AGENCY","FLANDERS","Flanders","Flemish Brabant",""
"27/3","https://www.immoweb.be/en/classified/ground-floor/for-sale/asse/1730/10866339","10866339","Asse","1730","APARTMENT","GROUND_FLOOR","324000","FOR_SALE","2","90","","None","False","True","25","True","15","","2","","AS_NEW","500.390","AGENCY","FLANDERS","Flanders","Flemish Brabant",""
"27/4","https://www.immoweb.be/en/classified/ground-floor/for-sale/asse/1730/10866338","10866338","Asse","1730","APARTMENT","GROUND_FLOOR","329000","FOR_SALE","2","89","","None","False","True","24","True","13","","2","","AS_NEW","500.390","AGENCY","FLANDERS","Flanders","Flemish Brabant",""
"27/5","https://www.immoweb.be/en/classified/ground-floor/for-sale/asse/1730/10866340","10866340","Asse","1730","APARTMENT","GROUND_FLOOR","329000","FOR_SALE","2","86","","False","False","True","16","True","32","","2","","AS_NEW","500.390","AGENCY","FLANDERS","Flanders","Flemish Brabant",""
"27/6","https://www.immoweb.be/en/classified/apartment/for-sale/asse/1730/10866347","10866347","Asse","1730","APARTMENT","APARTMENT","329000","FOR_SALE","2","97","","None","False","True","15","","","","2","","AS_NEW","500.390","AGENCY","FLANDERS","Flanders","Flemish Brabant",""
"27/7","https://www.immoweb.be/en/classified/ground-floor/for-sale/asse/1730/10866337","10866337","Asse","1730","APARTMENT","GROUND_FLOOR","339000","FOR_SALE","2","89","","False","False","True","30","True","13","","2","","AS_NEW","500.390","AGENCY","FLANDERS","Flanders","Flemish Brabant",""
"27/8","https://www.immoweb.be/en/classified/ground-floor/for-sale/asse/1730/10866336","10866336","Asse","1730","APARTMENT","GROUND_FLOOR","339000","FOR_SALE","2","89","","False","False","True","28","True","13","","2","","AS_NEW","500.390","AGENCY","FLANDERS","Flanders","Flemish Brabant",""
"27/9","https://www.immoweb.be/en/classified/duplex/for-sale/asse/1730/10866342","10866342","Asse","1730","APARTMENT","DUPLEX","339000","FOR_SALE","2","101","","None","False","True","30","","","","2","","AS_NEW","500.390","AGENCY","FLANDERS","Flanders","Flemish Brabant",""
"27/10","https://www.immoweb.be/en/classified/ground-floor/for-sale/asse/1730/10866341","10866341","Asse","1730","APARTMENT","GROUND_FLOOR","349000","FOR_SALE","2","97","","None","False","True","15","True","76","","2","","AS_NEW","500.390","AGENCY","FLANDERS","Flanders","Flemish Brabant",""
"27/11","https://www.immoweb.be/en/classified/duplex/for-sale/asse/1730/10866343","10866343","Asse","1730","APARTMENT","DUPLEX","359000","FOR_SALE","2","102","","False","False","True","34","","","","2","","AS_NEW","500.390","AGENCY","FLANDERS","Flanders","Flemish Brabant",""
"27/12","https://www.immoweb.be/en/classified/duplex/for-sale/asse/1730/10866344","10866344","Asse","1730","APARTMENT","DUPLEX","359000","FOR_SALE","2","108","","None","False","True","34","","","","2","","AS_NEW","500.390","AGENCY","FLANDERS","Flanders","Flemish Brabant",""
"27/13","https://www.immoweb.be/en/classified/duplex/for-sale/asse/1730/10866345","10866345","Asse","1730","APARTMENT","DUPLEX","359000","FOR_SALE","2","108","","False","False","True","34","","","","2","","AS_NEW","500.390","AGENCY","FLANDERS","Flanders","Flemish Brabant",""
"27/14","https://www.immoweb.be/en/classified/duplex/for-sale/asse/1730/10866348","10866348","Asse","1730","APARTMENT","DUPLEX","379000","FOR_SALE","2","110","","None","False","True","53","","","","2","","AS_NEW","500.390","AGENCY","FLANDERS","Flanders","Flemish Brabant",""
"28/1","https://www.immoweb.be/en/classified/apartment/for-sale/gent/9000/10868471","10868471","Gent","9000","APARTMENT","APARTMENT","292906","FOR_SALE","1","76","","None","False","True","25","","","","","False","","505.931","AGENCY","FLANDERS","Flanders","East Flanders",""
"28/2","https://www.immoweb.be/en/classified/apartment/for-sale/gent/9000/10868468","10868468","Gent","9000","APARTMENT","APARTMENT","294800","FOR_SALE","1","76","","None","False","True","25","","","","","False","","505.931","AGENCY","FLANDERS","Flanders","East Flanders",""
"28/3","https://www.immoweb.be/en/classified/apartment/for-sale/gent/9000/10868490","10868490","Gent","9000","APARTMENT","APARTMENT","296800","FOR_SALE","1","76","","None","False","True","25","","","","","False","","505.931","AGENCY","FLANDERS","Flanders","East Flanders",""
"28/4","https://www.immoweb.be/en/classified/apartment/for-sale/gent/9000/10868485","10868485","Zwijnaarde","9052","APARTMENT","APARTMENT","414000","FOR_SALE","2","103","","None","False","True","31","True","","","","False","","505.931","AGENCY","FLANDERS","Flanders","East Flanders",""
"28/5","https://www.immoweb.be/en/classified/apartment/for-sale/gent/9000/10868488","10868488","Gent","9000","APARTMENT","APARTMENT","420000","FOR_SALE","2","103","","None","False","True","31","True","","","","False","","505.931","AGENCY","FLANDERS","Flanders","East Flanders",""
"44/1","https://www.immoweb.be/en/classified/apartment/for-sale/kortrijk/8500/10870952","10870952","Kortrijk","8500","APARTMENT","APARTMENT","245000","FOR_SALE","1","64","","None","False","None","","","","","2","","","","PROPERTY_DEVELOPER","FLANDERS","Flanders","West Flanders",""
"44/2","https://www.immoweb.be/en/classified/apartment/for-sale/kortrijk/8500/10870951","10870951","Kortrijk","8500","APARTMENT","APARTMENT","250000","FOR_SALE","1","63","","None","False","None","","","","","2","","","","PROPERTY_DEVELOPER","FLANDERS","Flanders","West Flanders",""
"44/3","https://www.immoweb.be/en/classified/apartment/for-sale/kortrijk/8500/10870953","10870953","Kortrijk","8500","APARTMENT","APARTMENT","255000","FOR_SALE","1","64","","None","False","None","","","","","2","","","","PROPERTY_DEVELOPER","FLANDERS","Flanders","West Flanders",""
"44/4","https://www.immoweb.be/en/classified/apartment/for-sale/kortrijk/8500/10870950","10870950","Kortrijk","8500","APARTMENT","APARTMENT","345000","FOR_SALE","1","89","","None","False","None","","","","","2","","","","PROPERTY_DEVELOPER","FLANDERS","Flanders","West Flanders",""
"45/1","https://www.immoweb.be/en/classified/apartment/for-sale/roeselare/8800/10870946","10870946","Roeselare","8800","APARTMENT","APARTMENT","305000","FOR_SALE","2","96","","None","False","None","","","","","2","","","","PROPERTY_DEVELOPER","FLANDERS","Flanders","West Flanders",""
"45/2","https://www.immoweb.be/en/classified/apartment/for-sale/roeselare/8800/10870947","10870947","Roeselare","8800","APARTMENT","APARTMENT","330000","FOR_SALE","2","101","","None","False","None","","","","","2","","","","PROPERTY_DEVELOPER","FLANDERS","Flanders","West Flanders",""
"45/3","https://www.immoweb.be/en/classified/apartment/for-sale/roeselare/8800/10870948","10870948","Roeselare","8800","APARTMENT","APARTMENT","540000","FOR_SALE","3","173","","None","False","None","","","","","2","","","","PROPERTY_DEVELOPER","FLANDERS","Flanders","West Flanders",""
"46/1","https://www.immoweb.be/en/classified/apartment/for-sale/dour/7370/10870942","10870942","Dour","7370","APARTMENT","APARTMENT","284000","FOR_SALE","3","137","","None","False","None","","","","","2","","","","PROPERTY_DEVELOPER","WALLONIE","Wallonie","Hainaut",""
"46/2","https://www.immoweb.be/en/classified/apartment/for-sale/dour/7370/10870944","10870944","Dour","7370","APARTMENT","APARTMENT","286000","FOR_SALE","3","137","","None","False","None","","","","","2","","","","PROPERTY_DEVELOPER","WALLONIE","Wallonie","Hainaut",""
"46/3","https://www.immoweb.be/en/classified/apartment/for-sale/dour/7370/10870943","10870943","Dour","7370","APARTMENT","APARTMENT","296500","FOR_SALE","3","137","","None","False","None","","","","","2","","","","PROPERTY_DEVELOPER","WALLONIE","Wallonie","Hainaut",""
"46/4","https://www.immoweb.be/en/classified/apartment/for-sale/dour/7370/10870945","10870945","Dour","7370","APARTMENT","APARTMENT","319000","FOR_SALE","3","138","","None","False","None","","","","","2","","","","PROPERTY_DEVELOPER","WALLONIE","Wallonie","Hainaut",""
"47/1","https://www.immoweb.be/en/classified/apartment/for-sale/waregem/8790/10870941","10870941","Waregem","8790","APARTMENT","APARTMENT","310000","FOR_SALE","2","100","","None","False","None","","","","","2","","","","PROPERTY_DEVELOPER","FLANDERS","Flanders","West Flanders",""
"47/2","https://www.immoweb.be/en/classified/apartment/for-sale/waregem/8790/10870940","10870940","Waregem","8790","APARTMENT","APARTMENT","365000","FOR_SALE","3","123","","None","False","None","","","","","2","","","","PROPERTY_DEVELOPER","FLANDERS","Flanders","West Flanders",""
"48/1","https://www.immoweb.be/en/classified/apartment/for-sale/sint-niklaas/9100/10870938","10870938","Sint-Niklaas","9100","APARTMENT","APARTMENT","310000","FOR_SALE","2","","","None","False","None","","","","","2","","","","PROPERTY_DEVELOPER","FLANDERS","Flanders","East Flanders",""
"48/2","https://www.immoweb.be/en/classified/apartment/for-sale/sint-niklaas/9100/10870937","10870937","Sint-Niklaas","9100","APARTMENT","APARTMENT","385000","FOR_SALE","3","","","None","False","None","","","","","2","","","","PROPERTY_DEVELOPER","FLANDERS","Flanders","East Flanders",""
"50/1","https://www.immoweb.be/en/classified/apartment/for-sale/roeselare/8800/10870929","10870929","Roeselare","8800","APARTMENT","APARTMENT","240000","FOR_SALE","1","","","None","False","None","","","","","2","","","","PROPERTY_DEVELOPER","FLANDERS","Flanders","West Flanders",""
"50/2","https://www.immoweb.be/en/classified/apartment/for-sale/roeselare/8800/10870928","10870928","Roeselare","8800","APARTMENT","APARTMENT","395000","FOR_SALE","3","","","None","False","None","","","","","2","","","","PROPERTY_DEVELOPER","FLANDERS","Flanders","West Flanders",""
"50/3","https://www.immoweb.be/en/classified/apartment/for-sale/roeselare/8800/10870927","10870927","Roeselare","8800","APARTMENT","APARTMENT","535000","FOR_SALE","3","","","None","False","None","","","","","2","","","","PROPERTY_DEVELOPER","FLANDERS","Flanders","West Flanders",""
"51/1","https://www.immoweb.be/en/classified/apartment/for-sale/waregem/8790/10870921","10870921","Waregem","8790","APARTMENT","APARTMENT","325000","FOR_SALE","3","101","","None","False","None","","","","","2","","","","PROPERTY_DEVELOPER","FLANDERS","Flanders","West Flanders",""
"51/2","https://www.immoweb.be/en/classified/apartment/for-sale/waregem/8790/10870920","10870920","Waregem","8790","APARTMENT","APARTMENT","350000","FOR_SALE","3","101","","None","False","None","","","","","2","","","","PROPERTY_DEVELOPER","FLANDERS","Flanders","West Flanders",""
"52/1","https://www.immoweb.be/en/classified/house/for-sale/gent/9000/10870919","10870919","Gent","9000","HOUSE","HOUSE","499000","FOR_SALE","4","181","","None","False","None","","","","","2","","","","PROPERTY_DEVELOPER","FLANDERS","Flanders","East Flanders",""
"53/1","https://www.immoweb.be/en/classified/house/for-sale/kortrijk/8500/10870912","10870912","Kortrijk","8500","HOUSE","HOUSE","385000","FOR_SALE","3","109","","None","False","None","","","","","3","","","","PROPERTY_DEVELOPER","FLANDERS","Flanders","West Flanders",""
"53/2","https://www.immoweb.be/en/classified/house/for-sale/kortrijk/8500/10870911","10870911","Kortrijk","8500","HOUSE","HOUSE","390000","FOR_SALE","3","107","","None","False","None","","","","","3","","","","PROPERTY_DEVELOPER","FLANDERS","Flanders","West Flanders",""
